키워드,남성(%),여성(%),연령대별 특성,12세 이하(%),13~19세(%),20~24세(%),25~29세(%),30~39세(%),40~49세(%),50세 이상(%),2021-11,2021-12,2022-01,2022-02,2022-03,2022-04,2022-05,2022-06,2022-07,2022-08,2022-09,2022-10,2022-11,2022-12,2023-01,2023-02,2023-03,2023-04,2023-05,2023-06,2023-07,2023-08,2023-09,2023-10,2023-11,2023-12,2024-01,2024-02,2024-03,2024-04,2024-05,2024-06,2024-07,2024-08,2024-09,2024-10,2024-11,2024-12,2025-01,2025-02,2025-03,2025-04,2025-05,2025-06,2025-07,2025-08,2025-09,2025-10
알바 몬,35.48,64.51,,0,0.97,4.58,12.07,36.83,29.64,15.87,3258940,3322770,3382310,3078330,3437640,3373340,3552040,3594050,3540340,3617240,3341340,3543340,3656250,3827270,4036890,3827170,3975370,3032750,3288330,3317050,3268010,3340070,2885650,3078150,3161770,3176010,3521140,2827290,3180690,2916010,2865040,2770270,2837440,2712070,2533470,2159190,2633370,2609370,2587770,2650650,2828790,2596870,2721290,2454510,2350910,2243850,2226050,1991550
알바천국,37.29,62.7,,0,1.13,4.17,10.46,34.81,30.33,19.06,2636700,2664000,2695300,2472700,2702800,2600700,2692000,2764100,2707200,2761400,2618000,2892100,2910400,3013400,3320000,3199800,3577600,2826500,3051800,3122200,2983500,2912500,2575900,2829600,2812200,2766100,3117200,2560600,2953400,2602300,2544400,2488100,2474200,2385100,2180100,1497800,2171200,2214900,2191700,2222400,2350600,2210000,2074300,2044300,1924600,1786600,1744800,1583800
국민연금,49.97,50.02,50세 이상,0.01,1.69,4.59,9.26,24.58,25.01,34.82,378400,384500,494900,448100,460600,367500,416800,367800,393800,394700,373500,364200,420400,512700,883100,614300,588400,430000,507800,435800,458900,516700,502900,558100,549200,505600,683700,507100,526700,658600,643800,428200,483500,525500,609200,466300,444300,469400,782600,622500,917800,620000,724100,683600,520400,454000,414800,1081600
크몽,51.78,48.21,30~39세,0.02,0.93,5.67,16.94,42.29,22.35,11.76,484300,480000,482200,422100,497500,437500,480700,474200,438500,479300,436800,488800,512700,506500,532700,525500,601900,516200,574600,528600,585500,600200,517000,592200,614300,574700,685600,515200,590900,575100,575600,542700,569000,541200,474700,549500,549800,530700,513800,529900,561100,542200,518000,522800,526500,513000,533100,451000
국민연금공단,45.3,54.69,50세 이상,0,0.39,2.87,6.85,16.38,23.88,49.58,115200,127000,134800,134100,183900,145200,156400,128500,149500,141300,134000,139600,127800,145800,194300,293300,208200,158900,177900,137500,139100,158100,122800,125700,136600,137000,175300,132200,136900,343800,488600,407100,522500,807300,599100,234700,374400,443300,551100,516400,475400,390000,454900,457800,541300,503400,542900,492600
퇴직금 계산기,47.25,52.74,,0.01,0.92,7.01,19.14,32.5,23.77,16.63,434800,488500,588500,507500,525900,491900,492400,493000,476000,473100,452700,469800,499800,538600,651000,602200,583400,509100,511600,518800,516500,509400,448400,483200,499400,529500,664500,538000,565600,509000,500100,487300,522200,486200,461700,506700,474800,514500,571100,548800,515000,452700,424900,433600,432100,425900,416100,393300
연말정산,47.08,52.91,,0.03,1.69,9.67,18.39,32.47,23.65,14.08,103200,415900,3512000,779200,124100,53700,138800,44000,33270,31190,31090,56500,133000,510500,3985000,875300,149800,58700,137200,36000,28110,30280,34200,58200,147000,504000,3845300,686200,140700,67700,137500,34200,27540,25530,28560,51500,128000,451700,3420100,1045100,145700,59000,114300,33100,43100,27920,30900,38800
숨고,45.83,54.16,,0.01,1.08,4.19,12.99,38.35,26.99,16.35,199600,205300,263000,320700,331900,294300,289000,288000,278100,274900,253600,261300,279500,268800,308500,303400,330300,312300,357000,342700,346100,316600,283500,292000,315300,280900,330100,290700,338700,348600,364900,361600,395100,367200,338600,344700,326800,316300,311600,332700,379300,373100,383600,397000,400300,375700,370500,326700
티스토리,45.21,54.78,,0.2,6.41,9.05,12.61,30.25,24.81,16.63,185000,220800,259900,216400,218300,188200,219200,217400,224100,228900,262200,353000,269900,268200,324500,328800,381400,315600,373700,432200,400900,382300,312500,310400,303000,296100,367100,294400,294600,290700,285600,242600,284600,242000,236600,247300,288800,239900,304000,365200,460400,437500,360600,365800,350800,296300,252700,208300
실업급여,44.59,55.4,,0,0.83,8.37,19.58,29.85,20.51,20.81,288800,315600,365200,321700,380600,322800,319400,368500,373200,336500,346900,340600,363700,402100,573700,493500,508000,418200,454500,395800,568600,402500,338300,375800,418400,425900,522100,409200,431800,388600,417000,369200,358300,290800,292800,338100,304000,328000,341100,323800,356700,288800,245900,250800,264500,256400,260400,230600
쿠팡 파트너스,34.12,65.87,30~39세,0.03,0.58,2.71,9.46,43.94,30.17,13.08,185300,205900,224100,212700,223300,185700,175000,148700,153000,157100,139100,142400,150400,157800,192200,179100,186400,156300,168300,176000,215700,236900,201100,205400,185400,183700,217000,186300,188600,179400,179700,164700,182900,180300,173200,174800,162100,159300,180200,178600,190900,204900,250100,330600,390900,514900,448000,369600
여행자보험,35.24,64.75,,0,1,5.59,15.25,36.75,26.85,14.53,22130,16590,14030,13800,20910,35700,52200,58600,74500,70100,68400,129100,155400,186600,235600,189200,164200,170400,220300,232000,261800,248000,222000,213000,217400,256300,302900,226300,198600,210400,231700,245800,273100,264900,242600,224200,233400,276500,305100,256600,203000,208300,213000,226500,245100,229400,259900,238000
주택담보대출,55.33,44.66,,0,0.22,1.46,9.68,39.9,32.88,15.83,245000,226600,255000,234300,269200,278600,273800,299600,239100,229500,247300,259200,258000,222000,307300,282900,254400,222000,246600,246900,225900,264400,217300,234700,202900,201300,348100,256400,219100,200500,206600,228000,246500,252000,260800,244800,209200,190700,245000,242700,232600,185200,207200,275300,248300,177500,184900,203900
실업급여 계산기,38.82,61.17,,0.01,1.14,7.72,17.11,27.94,24.09,21.97,217200,252600,316000,260900,259300,227300,224900,229900,218000,219500,211600,215000,234800,268800,345500,275600,258400,208500,213000,216900,237500,209900,195300,212900,235800,260000,330700,251100,255300,216500,219300,209200,230700,211000,206600,226800,226300,253800,288400,271000,251400,190900,173800,176100,183500,174300,173000,156500
4대보험,49.56,50.43,,0.01,2.55,9.65,13.88,25.42,23.36,25.09,151400,163800,181800,162600,164400,147800,151700,144900,143200,146200,133200,142800,148200,157200,192500,168500,175000,144900,161600,150400,152600,150400,132800,142000,157700,155900,194200,146400,155800,158300,155400,140400,144200,132300,127200,138600,144900,156400,170800,171900,178200,150400,142000,143300,190600,148900,137900,117000
디딤돌 대출,52.2,47.79,30~39세,0,0.15,1.97,15.64,51.1,22.56,8.53,61200,54300,66500,63200,65700,73100,71300,85700,78000,79400,82100,206900,227100,208000,336500,262700,250200,216000,238500,237600,248300,366600,250800,335000,265000,227500,297800,223000,210800,189700,202700,183400,170900,183500,134300,90900,206900,151600,160700,169800,164400,120600,118800,139300,110000,102500,95300,99000
4대보험 계산기,42.92,57.07,,0.01,0.94,6.63,12.57,28.01,29.72,22.09,150300,168100,222000,188700,170800,159600,158000,153300,162200,160300,143900,137700,146100,159000,220400,198700,180000,148900,156100,150100,154200,150500,135300,134900,151600,167300,232300,179200,163700,153300,148800,137000,148600,134900,123300,125600,124200,128500,164400,155600,149600,148000,131700,127000,131100,120800,129100,106200
증여세,52.45,47.54,50세 이상,0,1.24,3.49,9.36,27.29,27.07,31.52,105100,113000,102700,93800,101100,90300,116300,96000,98000,91100,94000,103100,110400,114600,132200,110200,102400,88600,132200,109200,162100,119500,102400,105900,106400,122600,128300,120800,112200,107100,127200,146400,214400,126200,104500,112000,104600,105500,110000,125000,126700,92600,98900,127200,171500,168800,192200,156500
상속세,54.05,45.94,50세 이상,0,2.16,3.39,7,20.86,32.39,34.16,63700,52620,53910,54390,62180,55730,60380,59320,58530,52050,66300,61790,55120,60070,71190,65490,59470,57700,68920,82000,70400,66250,70100,76300,103200,78600,106900,90900,81500,88000,98700,157400,285400,126900,91300,97500,137200,132500,85500,169900,282200,82300,86600,81900,126700,103000,134300,95800
실업급여 신청방법,39.94,60.05,,0,0.22,6.31,17.88,28,22.13,25.43,143300,175500,230600,161500,195400,136700,135300,139000,127500,110600,104100,99200,107500,136000,192300,132100,148700,108300,105300,107700,126800,109400,98800,110800,124900,154100,229300,144200,181200,144600,135300,134700,155100,125600,120200,128900,121500,140600,170100,126200,151500,110600,92100,106200,116500,97300,99700,91200
쿠팡 알바,44.79,55.2,,0.02,11.2,9.16,9.56,21.16,27.69,21.18,40680,50210,57540,48470,50220,47130,46020,53010,53770,47380,54550,61680,69660,82300,106150,71000,69330,62400,75020,86710,98430,90850,95340,110700,116980,138990,171400,118000,124000,108640,114600,122600,134200,144000,118000,127300,127470,144330,152600,113270,112520,101860,87860,104260,118340,111510,112700,93680
언알바,66.51,33.48,50세 이상,0,0.07,0.07,0.36,0.51,25.11,73.86,90900,91070,8670,10730,6450,90900,12660,4220,6350,6330,6240,7750,7980,19470,166530,166590,203240,202710,166970,166810,136850,43240,138570,167440,62410,35100,35050,29090,43460,43380,35560,29200,112340,111980,112250,137340,137560,204530,204070,137160,204660,138100,168650,63410,29460,29510,29340,24260
퀸알바,20.93,79.06,,0,9.3,9.3,18.6,34.88,16.27,11.62,42570,42300,42250,34670,51490,52670,65050,64930,76880,76230,75710,91920,75370,75380,92210,77340,96250,95070,114720,97110,117360,115230,95420,114020,113850,139290,113860,113620,113170,93440,93280,112580,112740,93100,92760,112740,113470,94400,113470,111910,111310,110230,135270,110230,110270,135270,110280,110210
알바,34.92,65.07,,0.1,12.49,9.24,10.33,25.8,27.65,14.35,170900,173200,175200,155600,167500,153100,171700,179300,176500,160100,151600,160100,176700,191400,190500,158800,168800,139100,150400,160300,152800,148300,137800,141100,148000,156300,165300,128700,139800,129500,129200,131800,132600,125600,111800,117300,129800,131400,134700,120700,124900,111500,108100,112000,103800,99800,95400,83700
실업급여 신청,45.3,54.69,,0,0.32,9.04,21.8,26.74,20.06,22,48400,65500,91700,67000,88800,65900,66800,67700,70400,71900,72000,62600,61900,80400,114700,83000,104000,82500,78600,81400,93300,81800,69900,77900,81800,93100,135900,88500,110300,92200,87400,82500,100400,93600,93600,108100,111200,126600,169200,125000,150900,111600,101100,97300,102000,90000,90900,79300
자동차세,71.43,28.56,,0,0.87,5.59,15.68,36.85,23.82,17.15,47300,213800,425400,103300,67800,43500,56700,185800,70300,52800,51600,40670,48000,256700,475200,78000,80300,53000,62300,236900,89000,87000,80600,58800,55700,234700,448200,82900,68700,52600,62900,222900,100500,58900,50700,42270,42600,243700,416300,76700,58000,40300,42800,201700,68200,39760,33320,28010
노란우산공제,53.17,46.82,50세 이상,0,0.14,1.11,4.41,17.81,29.42,47.08,90100,106600,131600,102900,100300,105600,175000,124800,109900,100200,93400,88900,96700,103500,121000,107000,98100,102200,175400,131200,102400,96900,82400,95700,95000,95600,126200,109400,97800,102500,155700,99400,105900,84000,76900,91700,83600,89600,102800,104700,96000,102500,144200,108400,96200,86500,80900,70900
퇴직연금,52.14,47.85,,0,0.45,3.84,13.16,28.7,27.21,26.6,64100,86200,79600,69100,64900,59600,56900,56000,58000,52700,51700,57400,76900,102800,94600,96100,83900,68100,81500,88900,79300,67400,68700,84400,88300,93500,97400,79400,92400,73600,79600,72000,75900,63500,60300,89000,85500,90000,84900,86000,71200,59200,57700,228100,127600,88000,83800,79500
퇴직금,47.8,52.19,,0.01,1.83,10.21,21.41,33.73,19.52,13.25,50700,55800,57500,52100,57100,53500,54000,50600,51000,53600,50500,56200,61700,65800,72400,75900,73300,64300,64900,67300,64400,64300,58700,61300,65200,116000,79300,67000,74100,62700,66400,63700,66000,60700,60900,71500,74100,66500,65100,67100,66200,52000,48650,219400,127700,94500,115400,99400
운전자보험,51.92,48.07,,0,0.62,4.75,13.25,34.98,27.49,18.87,85800,94700,93300,85900,82200,84800,94700,90200,98500,101800,104600,117000,117800,152000,119600,120500,117800,107400,144000,181800,115700,121300,95800,97500,113100,98000,121800,118000,115800,98100,100200,94900,104000,101100,87800,88200,90200,82600,90600,97300,95900,85800,77600,86400,98800,100400,95200,81800
개인회생,54.5,45.49,,0,0.81,4.94,13.22,31.31,30.39,19.29,71200,70300,74600,73600,74700,78400,83700,92400,110500,89000,84900,89200,89900,91600,99500,95000,103300,90400,102400,99500,93800,102900,87600,97200,95500,87900,102000,96300,102300,95300,92700,81400,90300,88400,81800,86200,86500,79900,82900,91100,92100,84800,75500,87900,90700,86400,76200,67600
전세자금대출,51.3,48.69,30~39세,0,0.06,1.52,9.84,41.4,35.01,12.14,156000,157000,193700,177900,187300,162800,158800,159100,154500,155400,150800,163600,158700,150200,199300,191200,177900,140500,144300,141500,140000,144400,122100,130900,126900,118700,176000,135100,127500,111100,115000,104200,109100,114300,110600,110600,95200,85000,94200,95800,86000,70500,70200,82600,83200,77200,70200,66200
양도세 계산기,49.38,50.61,"40~49세, 50세 이상",0,0.07,0.65,2.26,18.09,36.71,42.19,95600,106700,71800,66200,74800,82100,95600,69600,56000,54500,53900,52000,53600,51500,61400,57400,55400,49500,55700,56600,55700,59100,54700,56500,50200,48900,60400,57600,57900,57600,60900,63800,79400,72300,62100,64200,60000,66600,66900,84900,90700,75200,78000,95800,79800,77800,81800,93200
국민연금 edi,39.7,60.29,,0,0.03,1.07,9.05,32.75,31.87,25.2,59070,62470,67650,64350,68450,60310,71720,69660,73960,70610,63080,60220,58450,61680,72320,69170,71300,67580,74300,69600,86790,75330,63000,58840,61600,60530,66320,60260,66910,63010,78540,69320,77630,72620,72240,41200,66810,69660,68520,80840,78180,72300,80560,83180,94540,95780,81980,63880
취득세 계산기,46.25,53.74,,0,0.07,0.67,5.9,37.3,30.48,25.54,5760,5650,5670,5340,6060,6160,6000,5830,5220,5360,5810,32370,40780,44580,48800,53500,57600,52900,58000,57200,55500,61800,53100,58200,53500,49000,64700,61900,68400,68800,74100,76700,90300,82900,70500,79300,65100,58900,65400,79400,83400,70900,74500,83900,70000,69700,75400,79100
양도소득세,53.25,46.74,,0.01,0.96,5.76,9.42,25.88,29.15,28.78,106000,118100,75400,70700,84100,83300,115000,69000,62700,56400,54900,56800,54300,62100,76100,63500,61900,56900,72300,69100,60200,62100,59500,63200,61100,82600,79400,74600,70100,69500,80800,67300,79400,59500,53100,58100,62800,91100,60400,66400,63400,62700,79600,65200,67500,97000,70800,87900
대리운전,73.39,26.6,,0.02,0.9,5,11.37,27.67,29.71,25.3,161630,161730,142180,108530,123790,152910,164190,156480,143550,135600,131470,142740,116420,129910,112630,99250,114510,116540,127790,125050,125400,116720,119550,111180,103790,132010,103100,96380,108060,108370,109870,101150,100150,96300,90330,90640,81100,93690,75420,64390,75100,68900,68340,68350,68070,71490,66870,71520
간병인 보험,37.84,62.15,"40~49세, 50세 이상",0,0.1,0.64,4.29,23.83,38.02,33.08,21660,18800,19340,21040,20930,18770,20040,21030,20920,26970,24920,23270,23850,26970,37800,33530,34430,33540,49790,43490,46330,58590,63970,58460,54110,64270,62380,61370,72900,48000,62230,55100,62030,58510,55250,55330,51220,85800,64180,73200,81800,139800,96000,61200,55950,55390,53880,49440
국민연금 수령나이,47.34,52.65,50세 이상,0,0.48,1.52,4.03,12.77,17.16,64.01,62200,63280,92680,77630,73100,54050,59140,57250,58120,61950,65050,60380,72010,113100,181700,92700,75090,59120,67880,70870,58830,85680,104350,93310,73920,85770,126200,93640,92820,88760,87640,65710,70100,79850,73670,62280,60590,64810,94900,90800,90000,70160,72820,64050,60700,64640,57170,60580
입주청소,38.65,61.34,50세 이상,0,0.64,2.94,9.56,24.22,18.93,43.67,61450,55160,55450,59840,57870,52210,52450,49640,50380,53250,47800,50390,48000,48300,53900,62840,66370,60040,61360,60260,62460,62560,56930,60700,60600,57970,74000,63600,67000,63900,62000,75400,81900,90000,89500,101500,65000,57700,59700,78200,71700,74650,62760,68620,74230,75160,75900,84590
신용대출,56.7,43.29,,0,0.31,4.37,15.83,40.57,25.9,12.99,71000,68300,71200,66500,77600,63500,60700,76600,67000,59600,56160,63000,65400,63200,75100,71900,74300,67400,78000,77000,77700,93700,61500,68000,63000,60300,82200,70600,72900,66900,68900,65600,73300,70600,69300,74000,71300,68700,66900,69300,84000,67100,59300,75800,71400,57400,62600,64700
재산세,47.47,52.52,40~49세,0.01,0.82,2.18,6.74,32.74,37.47,20.01,43200,29910,25420,23410,38300,28470,41800,53200,279900,55800,171000,40100,33980,29760,29210,24100,30750,30240,47200,51500,313600,58900,167700,68400,32820,27350,32880,24820,31180,34570,48500,50600,299200,57400,180800,39500,29850,27430,26430,24660,27810,27310,37300,44100,268900,51500,188900,51800
청년 버팀목 전세 대출,44.94,55.05,25~29세,0,0.31,9.19,41.95,40.74,1.99,5.79,1480,2830,4530,4540,3230,2840,2500,2680,3600,3580,4040,63000,62900,69900,93700,86800,78700,65900,61000,63900,63800,71000,59500,64100,82800,63500,85900,71100,67400,58700,64100,60700,64100,63700,56700,49250,61900,69000,79200,85400,77100,63500,61100,65800,68200,57800,50900,44300
부동산 경매,56.67,43.32,,0,0.38,2.77,11.86,40.19,27.48,17.29,63400,76100,96700,98000,90400,85000,78200,73800,78200,90800,95800,99900,101000,110900,116000,105600,91100,86100,83000,76100,77100,76400,66600,82600,86900,90000,106500,109400,93300,80900,87800,74900,70700,79000,58300,64000,75500,71800,82500,73800,68100,65000,59200,60200,54300,59100,58700,55400
4대보험 완납증명서,55.66,44.33,50세 이상,0.01,0.04,0.78,6.94,27.06,33.17,31.97,27000,36780,17290,21120,24960,26250,29860,28600,24510,24310,22390,25050,38630,53140,30320,36400,42310,40880,45150,43710,50300,54810,54380,58490,65410,80350,42230,44290,50610,55360,57950,55040,48950,48200,47300,36460,67040,96530,43980,62790,66390,74010,70010,70870,60770,51070,60220,47980
주택담보대출 금리,55.85,44.14,40~49세,0,0.08,0.7,6.93,36.39,38.11,17.76,48600,39890,50500,45000,54000,70100,67600,89100,72300,66700,76500,88100,91800,77800,113000,110600,106900,106000,111500,112200,101500,111200,89400,126600,117500,110900,137900,79400,86100,85800,87600,112400,120400,118300,90500,95000,52700,51100,66400,73500,71300,58100,62500,72900,51400,48400,48700,48400
블로그 체험단,16.12,83.87,"25~29세, 30~39세",0.01,1.29,10.12,31.58,43.09,9.92,3.95,41800,40500,45800,43600,50200,40000,39200,39900,51900,54200,43400,51300,54500,52000,63700,65400,77200,64600,81900,81900,103500,101000,79800,82900,92400,84800,126800,109200,67800,64300,71700,74700,89500,76400,57000,60600,54200,61900,62100,57100,59000,59800,63000,68100,59100,55000,44900,40200
증여세 면제한도,48.91,51.08,50세 이상,0,0.23,1.79,6.15,21.24,28.2,42.37,41630,45240,44520,41050,41000,37150,49210,49410,50610,45630,45210,43310,45230,48660,56810,45740,44530,40360,45900,37690,60180,57650,45590,47470,50310,59840,68580,62190,54550,48840,52850,51450,86980,81890,62350,6270,9930,19840,28280,40010,44580,47230,70180,78990,89090,71390,70220,79220
주택담보 대출 계산기,56.67,43.32,30~39세,0,0.05,0.87,8.07,44.62,34.82,11.53,68780,67780,80390,72190,84420,91880,90780,105600,87180,86520,88420,77090,82390,72190,97680,76520,65920,60120,64980,64580,63180,78300,65400,71100,62000,61100,79700,67000,68700,61500,64400,68900,76500,75100,61100,65300,50800,47500,60200,62700,61400,51300,54400,59900,47700,46300,47900,49100
햇살론,58.2,41.79,,0.02,1.82,10.92,17.42,30.26,23.79,15.74,85700,83600,84900,83000,86500,78800,84700,77400,80000,81700,81400,85700,91000,95300,99800,93500,99100,82200,91700,80400,82100,76600,66900,71700,70200,61410,70100,57900,61500,56900,58410,51270,54780,52360,51450,53530,52550,52360,50220,53630,61630,62360,53820,53580,53500,49230,49560,43720
공동구매 항공권,39.47,60.52,20~24세,0.08,8.06,21.74,22.41,26.54,13.19,7.94,,0,0,0,10,10,28,90,110,160,130,210,1720,6420,8370,7150,4200,3380,4890,10360,343940,651500,272400,300800,211600,255400,257500,143280,138670,114770,145830,120940,140300,99940,102160,108920,88060,86820,73240,58740,49340,38100,32790,40920,46780,33790,29390,34100
상속세 면제한도,49.15,50.84,50세 이상,0,0.2,1.04,3.21,11.84,30.22,53.45,28390,28730,28860,26950,29000,31740,33480,31370,29500,28070,28540,22900,20530,22570,26370,23990,23870,21920,23590,21600,21980,22780,23610,25250,28210,27660,31210,28140,25830,24240,26220,28790,42310,54090,42050,38610,39100,44510,48730,63630,62950,39860,46520,48210,49980,48450,64190,54840
도수치료,42.75,57.24,,0.04,5.21,8.08,12.58,26.83,25.67,21.56,88100,90000,90900,89190,81300,87400,92000,89800,81550,78770,69580,67230,69020,76670,66560,68000,74790,68730,72230,68720,63660,64690,58980,57410,54830,49230,58270,63200,56560,54860,56950,55510,59040,59150,55710,49030,55090,47150,92200,46930,56030,49410,43810,42060,44350,42570,41740,35220
4대보험 가입 확인서,48.61,51.38,25~29세,0,0.46,12.46,24.88,31.51,16.64,14.02,77500,80400,82000,78200,77500,71400,65200,54000,45700,50300,50400,45600,45900,47300,54100,60000,62600,54400,49000,41500,45500,47000,45000,56000,54300,55100,63300,45900,52300,52300,43600,42800,41400,42000,44400,47000,46800,45500,51500,53300,58300,53400,45800,43300,51100,47600,48800,43900
배민커넥트,82.87,17.12,40~49세,0,0.73,3.46,7.12,27.25,43.32,18.1,63980,75340,105900,93400,100800,79230,60110,51520,51750,51360,52410,59560,51200,55630,56350,51410,53810,45820,47480,39720,48970,46360,38660,42620,38600,46120,57570,50020,56350,48900,64610,61030,60020,57440,55240,54100,40390,43790,47330,53360,63650,56820,50040,48850,50780,48640,44420,39290
실업급여 금액,41.54,58.45,50세 이상,0,0.29,5.1,13.28,25.28,23,33.02,32620,42270,43140,35890,41160,35950,36560,38680,39280,42070,36900,35570,38170,43090,52710,45460,45780,36730,40780,43060,46950,41470,40480,47010,51320,54400,61250,47710,51740,42190,43010,43990,51560,44000,41780,43920,47060,49930,56310,55470,58870,44810,42710,41720,44220,40310,43180,38870
임플란트,47.05,52.94,50세 이상,0.08,2.62,5.47,8.72,23,28.35,31.72,43720,44040,85200,46940,52890,49660,49040,48560,48570,49190,44910,47030,47260,46840,53620,51790,56360,52170,55860,52570,49690,55480,48720,50040,49070,52040,59600,50750,55300,48900,49400,47220,49670,44070,41550,46300,48600,47500,63300,51200,50570,44220,42980,43290,42410,41490,36430,31010
알바천국 부산,25.64,74.35,"40~49세, 50세 이상",0,0.13,0.45,3.06,25.33,38.15,32.84,68980,63680,67040,66000,73190,71410,73900,74560,69780,71420,69520,78800,77070,77550,84350,84900,86560,69510,79580,78340,74460,70250,64880,73930,71770,66760,72930,56740,64420,58480,57440,53360,55490,56780,54670,42180,53430,54340,52460,55370,60220,42720,35420,31340,33250,41330,41090,35980
공동구매,48.92,51.07,,0.08,5.43,6.47,12.07,31.49,25.45,18.98,38710,45540,46050,45850,55180,45490,45690,27790,33260,52540,47480,56040,46770,46250,56800,56580,56900,47240,56090,46780,47440,47910,56130,57110,56720,55550,56890,55560,67220,55320,55710,55090,55520,54700,45330,55320,45800,45220,54190,54640,54760,45100,37000,37140,37290,44650,44500,36340
마이너스 통장,52.57,47.42,30~39세,0.01,1.08,6.27,18.63,44.08,22.29,7.6,56060,53730,67000,57620,77000,68200,59330,54300,51810,52600,46940,48820,47690,44330,51360,50810,59070,49780,60580,54930,53140,53740,45960,50910,48900,46170,56680,49910,56500,50620,49800,48210,51950,59800,49960,52900,46870,46900,45740,48360,43160,44140,40930,41110,37980,40840,35600,38340
고용보험 실업급여,40.23,59.76,50세 이상,0,0.3,2.83,5.35,12.95,27.12,51.41,20190,25870,28840,24540,27290,21650,22710,23860,20970,19460,20350,18060,17010,19320,24640,20070,21380,18600,16820,18560,17400,16130,14300,17670,24130,26230,33160,26450,29810,23070,21280,18460,21790,17440,17560,22710,38850,51400,56500,51100,50000,39830,37690,37770,40230,37180,35400,32840
포장이사,44.58,55.41,,0,0.63,3.13,12.42,30.42,28.83,24.54,49190,47670,53280,51590,51020,45780,44410,47420,44900,45260,37870,40360,35930,37680,44840,51910,54520,51560,54000,55100,44180,37220,35400,36140,35150,42030,71100,66300,64000,55500,45310,43270,66390,77600,78380,60330,45110,44940,50800,48720,41540,38870,35540,38250,41290,40420,42990,37470
실업급여 수급기간,39.05,60.94,50세 이상,0,0.05,2.6,9.95,21.92,24.1,41.34,44570,56050,55630,49210,51980,45020,45830,47530,43610,43130,41470,39430,41730,53190,63300,49070,47980,38990,39590,40020,40160,36950,34550,42610,51690,60860,72590,60010,62820,52540,53440,52840,55760,47390,44820,50000,42380,44560,44950,46100,47290,42290,40580,38330,37880,36740,38130,38100
당근 알바,31.88,68.11,50세 이상,0.02,2.84,4.73,6.85,15.65,29.09,40.79,1610,1830,2150,2250,2720,3450,4570,5710,5430,6380,7010,8550,8780,9170,10620,12280,11170,9530,13220,16050,17560,18330,16250,20060,25480,22990,38400,24060,28530,24510,23280,23810,30110,28910,27270,28710,30370,35480,41190,38430,46580,44330,42490,44070,42590,43850,44500,38830
해외주식 양도소득세,59.1,40.89,,0,0.37,5.07,12.87,32.85,28.62,20.19,21240,26150,14510,11610,21460,24010,40740,8900,8260,11920,6960,7110,7560,14060,11040,11640,12490,19910,36600,22750,18200,12990,9970,8100,16470,43110,23560,26420,33580,31220,52610,30620,33490,17120,14050,27610,45720,79510,30000,24110,22670,38490,73800,24740,28450,24500,35940,52710
증여세 세율,56.31,43.68,50세 이상,0,0.2,1.16,4.48,15.82,24.02,54.28,80680,74530,69130,64900,63710,62950,67780,54240,53200,48110,49770,46290,46610,49450,50090,43540,42570,39500,50020,42910,43970,35820,36450,36890,32720,31960,33430,34310,32500,29880,34100,33560,38220,32060,29970,42010,40540,41150,44020,49960,42350,28580,32620,37660,38860,37660,37900,46150
대환대출,58.38,41.61,,0,0.12,3.14,11.45,37.82,31.93,15.52,32950,31480,34610,34600,36970,35960,37580,36000,51020,46180,43150,55160,58120,45110,59600,67300,79000,68000,198900,199400,75000,64300,50680,54200,58300,60600,130100,77800,66400,54500,53700,53400,58300,52800,44240,47330,38750,37440,40210,44100,45410,40090,39260,42300,40290,33390,36530,35660
개인회생 신청자격,49.79,50.2,,0,0.27,3.57,10.6,27.81,32.39,25.32,28090,28930,29430,28840,31450,33800,35540,35820,44960,38150,33970,33490,33590,34410,35960,33640,36630,35390,36680,35140,33520,33200,31390,40570,41430,33410,38310,34350,51280,74070,68150,48760,58450,39890,45440,44840,38760,35360,38920,42250,40030,38250,38530,44150,39440,42650,37200,31960
펫보험,29.08,70.91,,0,1.11,5.46,14.45,33.05,30.44,15.46,9710,9930,10870,10560,11030,10840,11640,10640,11210,12070,13840,16820,16880,16970,27050,21440,18420,18130,20250,21820,20310,23590,20540,26270,24350,21400,26200,24780,27410,26790,27740,25020,27910,134330,29310,30090,37790,30120,37340,34100,31530,41930,32440,75300,32460,34470,41600,36320
퇴직금 계산,42.98,57.01,,0,0.7,6.88,16.63,27.42,23.09,25.26,23040,26000,25590,22510,25200,23930,24420,24230,24370,26350,25220,30650,36500,39200,43100,44200,45900,40600,41700,45300,47800,48200,41200,45600,46800,48900,58000,48500,49900,45000,45400,41800,40800,37900,37500,42000,40800,45300,44700,45300,44300,37800,34810,36900,33120,31490,33230,33380
단기알바,37.04,62.95,,0,10.18,12.47,14.83,26.35,19.22,16.93,37990,43610,48040,34450,37420,38240,44690,53070,51280,41910,38150,45400,55800,66810,72200,49450,48390,43870,49280,55450,58320,45390,38490,50840,52390,59650,67890,41880,42750,38910,41920,48580,52870,41650,36610,40600,43160,49940,56430,40310,35870,33180,32980,41670,39750,31090,29680,25940
자동차세 납부,59.04,40.95,,0,0.05,2.62,11.18,30.2,33.13,22.79,9200,68300,90500,33310,15250,8130,12260,81000,26370,14860,12630,6870,5740,58200,115700,19990,20400,11450,12230,99400,31030,16180,10220,7550,7320,66200,125600,28700,23570,16590,17350,112600,55500,17130,12230,8930,7260,87200,112000,27260,19080,10180,10120,99000,34920,17650,13910,10250
앱테크,33.89,66.1,,0.17,4.24,7.25,20.61,33.53,23.62,10.53,43520,52800,58110,51590,54500,44170,49890,46670,49950,61150,62470,77980,61730,63180,81440,78190,70550,61980,60270,59650,57070,57890,57270,61940,51590,51760,64650,52500,53970,51970,50860,43200,42750,67230,37960,42960,39360,37360,45850,48200,44960,42970,31390,35570,30650,29650,30450,28470
4대보험 연계센터,48.06,51.93,50세 이상,0,0.11,1.77,6.95,24.91,31.62,34.61,12630,13740,16780,12110,12550,11840,11620,10920,10370,9640,8700,9230,9110,10010,12360,11550,12860,10180,11220,10810,12150,10800,10480,10140,14850,15330,22410,14180,14980,14270,11310,9900,10680,8800,7620,9470,19250,21160,23060,30250,55270,53920,42360,40640,42990,33780,36370,29970
햇살론 유스,55.81,44.18,"20~24세, 25~29세",0,5.15,30.2,32.69,23.46,4.58,3.89,37840,41600,38180,35160,38170,35520,44320,35850,34470,34190,36600,41950,42150,46180,46140,43580,46630,45490,46460,44470,46310,41070,36630,41080,43400,43520,53460,43230,42370,35260,34150,32860,37420,32770,30590,37490,40780,39880,33670,31730,38050,37200,37750,37670,35620,33300,32530,30770
자동차세 계산기,89.1,10.89,,0,1.2,7.49,16.65,30.48,24.68,19.46,37470,68080,94900,30630,28980,26050,29790,41720,24840,28860,31390,30590,33960,58480,87700,26720,33050,29400,31640,44170,26160,32340,28390,25170,33000,66120,75000,25820,30550,28770,30870,43440,25750,23750,25950,30140,32270,52980,60000,27610,32590,30250,31150,47830,25800,29460,28800,30110
4대보험 정보연계센터,48.97,51.02,,0,0.36,3.06,10.53,34.43,28.06,23.52,117650,128560,149000,140000,154200,141360,140500,132470,128900,132200,124300,117200,121550,129600,166400,151200,158600,134990,139700,128880,130100,115540,97720,99030,133000,154800,206800,149800,166200,152800,131700,116700,126000,101000,93500,55950,42880,42890,50080,49420,42850,34040,29010,26810,29420,27540,29970,23040
산후조리원,36.5,63.49,30~39세,0.21,4.03,4.84,13.41,51.38,15.49,10.6,48840,59380,99490,55930,51470,44720,43450,41950,48910,47920,40440,51890,82810,99650,89160,52410,56290,45230,41940,40410,69930,137480,49270,38560,34360,38760,60560,45570,42070,37650,39020,45990,45080,49440,37850,34040,31560,40870,40480,34200,32000,30100,27810,36660,37720,38030,28340,41510
취득세,43.25,56.74,,0,0.39,1.79,7.19,32.75,30.53,27.31,45800,49700,45300,41200,48700,45100,58200,47500,44000,42800,43100,48800,52000,82000,67700,64800,70700,53600,50300,47400,47800,54200,44800,47000,43100,41000,54500,45800,47700,45000,47700,49600,50100,44700,36800,39100,34400,31760,37490,39400,41300,32700,33220,36000,30770,31720,30990,36070
4대보험 징수포털,52.19,47.8,"40~49세, 50세 이상",0,0.06,0.37,2.75,14.54,37.92,44.32,11660,11270,10880,10880,12650,12010,12290,12810,12550,11300,9730,10770,11440,13470,14820,15160,17750,14720,16590,15840,14300,14060,13570,15390,13880,18260,18680,16720,17230,15440,15220,14610,16250,14220,12360,13890,18270,25520,24900,27970,28480,28520,29300,30400,46080,55280,53020,45830
종신보험,43.43,56.56,,0.01,0.84,4.33,10.53,30.78,28.91,24.57,21000,23390,25310,26670,22610,20900,19900,19550,19890,22640,33320,21450,22220,23990,26060,24780,25230,22200,25550,26020,24790,28950,22320,22250,24620,25070,48000,32350,33140,23640,25150,24660,26030,31350,24840,24160,27080,26970,41170,39190,54310,34800,24000,23460,27040,52870,30310,31740
쿠팡이츠 배달파트너,65.79,34.2,,0,0.88,4.87,10.62,31.79,31.87,19.93,58070,77800,89080,78490,82830,56160,45500,39300,35450,31210,26970,29010,25360,29900,37390,29720,24500,18630,20490,19970,22410,28320,26600,31480,27820,35610,44890,37040,42180,46790,50590,42720,43620,45720,44450,45980,40020,37590,45430,47850,41790,31160,28110,31310,27910,28340,27150,24840
근로복지공단 퇴직연금,36.51,63.48,50세 이상,0.01,0.07,0.9,4.95,24.77,35.49,33.78,30060,43040,39870,33680,55000,35520,35500,34480,31860,35000,43060,35100,37470,45000,48680,42140,65300,40560,44270,49360,41560,41420,34970,38510,42350,48990,51630,37210,59450,37460,37800,33350,35740,32230,30880,23210,33450,40900,39350,39750,50870,33240,31140,27920,27310,26070,30090,27790
임플란트 가격,50.86,49.13,50세 이상,0.05,1.48,4.9,10.18,22.62,28.15,32.59,48420,50430,56980,48510,51690,49020,48920,49280,48980,48350,42910,44830,44260,42420,49280,46080,45590,40860,44290,39440,39050,40940,34610,39290,38270,36950,43310,39860,44870,41340,41640,38560,41290,40450,34600,38300,35330,34120,37340,35520,36230,32700,33060,32440,33640,33170,31500,30410
증여세 계산기,55.86,44.13,50세 이상,0,0.21,1.22,5.67,22.88,28.44,41.55,47200,44700,40240,38370,38680,39440,40500,28470,26480,26420,26790,25530,29730,31000,28750,27320,27410,25420,30860,28240,30970,29970,27340,29630,27940,27350,33250,31530,31110,29730,34160,31520,36970,31180,30620,39280,35070,35190,35030,36050,33580,27790,29880,36290,34890,33650,31590,35670
워드프레스,54.8,45.19,40~49세,0.01,0.63,1.93,6.73,39.05,36.28,15.34,20870,19750,19960,17090,19970,17320,17900,17320,19490,19900,17260,23990,23870,20160,25320,24370,29740,28510,34690,541100,272900,115200,84300,109600,73900,54740,70600,44570,47710,57400,42110,40820,34130,28580,28510,28200,26750,23020,39000,36420,37750,28470,30480,29980,28880,29040,24080,53600
삼성화재 여행자보험,35.81,64.18,,0.01,0.46,5.01,14.36,36.79,25.48,17.87,3750,2850,2550,2690,3700,5690,8280,10440,13770,12950,11000,12340,15990,20580,25630,21470,16320,17880,21860,23150,26960,25950,21920,19970,18750,23940,30980,23140,18500,19590,26920,25200,32900,29350,27140,22770,22850,26200,38350,39230,27090,27760,25900,30200,35840,34600,39500,29820
유튜브 수익 계산기,54.52,45.47,,0.41,7.38,8.29,13.52,34.1,22.07,14.19,60910,65200,74400,71200,67800,52380,48060,51670,56130,64960,52550,47970,43010,44510,59860,56950,51780,46550,49750,49350,54600,48550,42720,47510,43830,49500,54320,45430,45720,43070,46170,45170,52870,46560,38850,33900,30590,30690,35370,33000,37340,33200,33360,32560,31720,32450,20670,21300
오스템임플란트,63.36,36.63,50세 이상,0,0.93,3.96,10.02,27.72,25.84,31.48,152100,173300,2467100,343700,306700,418900,297200,190500,164800,177500,190200,142300,151200,188700,478300,222200,164800,102600,95800,110500,73200,150500,45900,41500,41100,43900,45900,39000,54200,56600,40600,33900,35900,37400,33200,31300,62000,29600,28920,32480,32400,28750,25610,26100,26450,25860,26720,25670
영상 편집,40.21,59.78,,0.06,5.93,14.5,17.47,31.62,20.09,10.3,53910,53670,50470,43920,52280,44100,44430,42920,42180,42990,38500,44910,46840,43860,42150,45730,53070,46780,50730,42430,41640,41710,35740,42090,44200,42940,49150,40740,42480,42060,48810,41330,41390,41310,35870,36880,37860,37560,31570,31660,31900,26630,30230,30130,29650,29440,28480,23580
여행자보험 비교,33.61,66.38,,0,0.25,3.41,12.24,32.23,29.67,22.16,870,650,520,490,810,1340,2080,3070,4130,3640,4170,8770,13020,17480,20870,17090,14790,16800,20270,20670,24110,23850,22780,20470,20270,23410,28630,22120,19090,20670,22760,23920,28660,30220,31320,26340,29140,35550,37850,30520,25070,26590,27460,28980,32570,28850,37710,27240
대주주 양도소득세,74.88,25.11,50세 이상,0,0.31,1.54,4.5,19.65,35.6,38.37,1730,5890,1070,1010,660,540,780,650,680,830,760,1340,2320,11570,870,1340,1160,1320,1060,1110,2340,3190,2760,2270,9400,52120,1280,1070,1020,920,1060,950,910,910,810,890,1220,1680,680,780,570,610,910,1360,36050,241000,75400,3730
실업급여 기간,41.96,58.03,50세 이상,0.02,0.22,4.44,12.1,25.78,21.61,35.8,16490,19890,19900,17890,19870,17330,17230,18450,18590,18890,17510,17660,19470,28390,30380,22310,22500,18400,18010,24320,26840,24460,18730,20790,22680,25620,28670,23000,23960,21320,21040,20890,22140,20000,19360,21780,30980,34510,34720,34330,34070,28160,26520,26370,27780,27290,28130,27980
퇴직금 중간정산,58.89,41.1,,0,0.03,1.03,8.72,38.23,34.5,17.45,27510,28690,29720,26270,27540,28320,30320,29660,27670,27890,27790,30540,33600,34770,36050,32150,33780,34010,38470,37420,35340,34840,30060,34740,33320,31440,37840,32470,33630,32820,34880,32510,34010,32530,29290,33960,28690,29640,27570,29590,30120,27790,26940,35870,37080,30080,28110,26700
주민세,47.21,52.78,30~39세,0,0.4,3.85,12.02,43.24,25.3,15.16,12760,12080,13160,9820,10860,9540,11850,10000,14080,188900,27880,20820,13140,11110,13370,10840,10910,9370,12160,11240,15090,216500,30750,22860,13110,11100,13760,9730,9600,9830,11470,10880,16510,221800,42200,21110,11280,10120,10980,8880,8430,7740,8800,9380,15000,214100,35800,17430
국민연금 조기수령,56.08,43.91,50세 이상,0.02,0.07,0.6,2.8,9.57,18.93,67.97,15940,12340,15370,13090,13600,10130,11760,13510,15300,15290,20450,21600,23110,28290,61740,39660,38250,24120,27200,26300,22510,51550,36220,33810,26900,28970,37280,32690,37320,33750,40820,26990,28420,44970,34560,36360,29970,31360,39320,41070,36170,32670,26000,23570,21790,20970,23200,24720
신혼부부 디딤돌대출,54.07,45.92,"25~29세, 30~39세",0,0.05,1.51,24.81,57.29,9.29,7.02,1600,2440,3180,1930,2300,2620,2500,2450,2400,2990,3040,7730,9720,13570,28080,26320,24290,22110,24530,24570,27320,39640,31590,43380,33380,32840,49900,40440,40020,37000,39390,37020,38620,36700,31600,37760,27960,27620,34710,36570,33310,28380,28210,32630,27020,24970,22590,23810
기초연금 금액,46.12,53.87,50세 이상,0.1,0.19,0.3,1.58,11.08,16.39,70.33,1080,2090,2920,1780,2090,1460,1830,1930,1780,1510,1390,1550,1650,2750,8000,3730,4240,4370,4180,4210,3980,5480,5230,5550,5140,7190,32630,10750,12760,14350,19410,11730,12970,19970,22060,12640,12010,13410,125300,24610,20640,18540,17140,22690,22240,25380,18500,19350
청년 전세자금 대출,43.99,56,25~29세,0,0.41,8.95,28.06,32.77,8.35,21.42,125600,141500,177000,172000,133500,119500,121000,122700,115700,116700,111000,95000,93400,103600,124900,105100,90700,74100,58700,52600,47240,51900,42560,50700,87900,104800,126900,92200,81000,70100,59300,49000,49800,43230,40170,43310,36890,33800,36940,34210,30510,25690,26440,29370,24120,21290,19270,21040
알바 이력서,22.94,77.05,"13~19세, 20~24세",0,45.39,32.79,8.88,4.36,4.03,4.52,32100,37300,37000,29560,33400,23690,23310,33600,31130,27690,22990,21700,33400,44800,39200,37000,37800,24640,22570,36200,29840,27960,22550,21730,36980,42620,42080,34010,39080,24330,23440,30530,29800,26150,23960,21670,33720,38510,31410,33970,35280,23210,19600,27980,24570,24340,23010,15920
irp 퇴직연금,43.71,56.28,50세 이상,0.01,0.11,2.04,11.3,21.37,29.77,35.37,36990,61100,55520,44320,35720,29210,20720,16230,13630,13840,13280,13230,20850,25960,24480,25570,16590,10120,12180,11820,10050,10670,8870,10620,13060,22120,20080,18990,15770,10980,12990,12390,11180,8800,8910,12180,23240,33680,34910,36850,31750,22390,22300,23620,24410,24430,24330,28020
퇴직금 세금,65.49,34.5,,0,0.13,3.07,12.31,29.6,26.52,28.34,25800,29870,33710,28260,32780,28970,33030,30570,29520,30140,27780,29500,30040,34960,43460,39040,38260,31580,33540,33180,31810,31190,27640,29780,32060,36440,45790,36080,39790,32100,33340,31070,31710,28130,26790,32400,30560,32650,36480,32390,30590,25690,24340,25300,24360,21990,22500,20530
퇴직연금 수령방법,49.55,50.44,50세 이상,0,0.11,3.15,12.07,17.74,26.98,39.93,25130,32160,33620,27160,32830,28300,27740,27860,29290,27540,26230,26520,29490,32860,36560,34190,38720,28780,28180,25930,25620,26460,25790,30990,33840,40750,45440,40570,49900,36770,40550,35090,34430,28700,27820,35060,27290,28050,31000,28910,30760,25490,23260,32500,29200,23440,22730,22660
제시카 알바,49.99,50,,0.05,3.5,4.95,8.39,29.59,33.68,19.8,25680,28510,34840,21590,27960,18030,116950,26850,19640,24200,18380,19860,13340,14080,14060,14610,14360,13210,21660,22560,17950,15080,14920,14350,25150,17680,15590,14260,15740,13550,19340,77200,36450,72980,17600,14190,15270,19290,49030,24820,17440,17240,26070,29140,38550,41150,15840,26710
쉐어하우스 웹드라마,28.57,71.42,"20~24세, 25~29세",0,11.9,21.42,23.8,21.42,19.04,2.38,,,,,,,,,,,,,,,,,,,,,,,,,,,,,70,70,50,50,70,70,40,513,27570,74420,50170,12327,12243,33530,18296,9961,2430,1926,27197,49564
도수치료 실비,42.35,57.64,,0,0.44,4.03,13.06,35.6,28.7,18.13,17760,17660,19230,20670,20000,21220,21020,19990,19050,19540,17930,17490,19010,18640,20300,20280,21410,19890,21210,20210,19850,21850,18900,18470,17380,15400,19170,20290,19410,18720,19640,18330,19770,19110,15910,16920,17030,17900,44830,30090,32370,32550,25610,24560,26180,24710,22920,16500
퇴직금 지급 기한,46.88,53.11,,0,0.27,6.94,20.56,29.49,22.28,20.43,28400,29540,33470,30640,41780,32990,33400,33210,35070,32480,31060,27710,26350,25380,30160,27950,39440,28570,27660,26530,27290,28820,25150,24770,24410,23370,31680,25100,35650,32880,31630,29390,32390,29660,24820,26750,23290,23830,29460,25630,34890,29690,25560,24300,26850,26090,25010,19920
모두투어 공동구매,30.12,69.87,25~29세,0,1.73,15.37,26.38,38.71,12.53,5.26,0,0,0,0,10,10,10,60,290,260,120,110,320,620,970,750,700,690,3130,4570,2210,1610,1350,2110,4250,5150,3600,3050,2250,1830,4000,3420,3710,3880,4330,5620,44510,37000,37700,34160,28340,17580,18110,19840,20540,16730,17980,18420
알바갤,57.1,42.89,30~39세,0,0.12,3.87,20.32,53.49,20.78,1.39,15140,18450,18520,16330,14340,13440,13870,13740,14450,14230,16600,15730,15470,16960,21470,17230,20120,17600,20970,20580,24750,23090,23240,23110,19600,23790,23310,22840,18420,18270,18270,19680,24680,26440,26160,24800,20200,24660,26010,24090,24930,20750,20580,25130,32540,33750,28150,27810
생애최초 디딤돌대출,49.43,50.56,30~39세,0,0.01,0.93,16.12,54.3,17.01,11.61,350,340,370,290,300,370,490,580,560,580,530,1280,2170,2420,5050,3730,4170,3990,4470,4330,4790,6030,5390,6730,6550,6080,8660,7220,7060,6530,7620,6980,7800,7820,6290,9090,17720,20210,29170,30660,29430,24980,25270,29760,25570,23350,22420,29660
퇴직연금 dc형,45.59,54.4,,0,0.11,3.51,15.35,31.35,27.83,21.81,30020,44300,35700,29770,29970,26230,23290,24030,25110,22350,20030,17030,22800,32600,25790,21590,22830,20590,22620,31100,22620,17430,16230,18110,21190,29610,30170,25380,26040,21370,20540,22170,22660,18190,17670,23720,27190,37200,31340,29170,25390,21050,18940,24080,22830,21000,22450,26950
퇴직연금 의무화,53.97,46.02,,0,0.16,3.44,15.26,36.09,25.59,19.43,680,950,820,350,320,560,650,330,370,290,320,540,700,620,530,570,480,490,380,650,530,450,360,180,380,390,410,320,380,360,330,1660,1220,760,1170,950,680,760,660,710,990,710,600,90600,97300,51500,35710,26360
실업급여 구직활동,33.93,66.06,,0,0.25,6.96,19.91,31.06,22.94,18.85,8400,8440,9950,9790,10320,9230,8850,9620,12380,17940,19060,20680,21870,25060,31910,32320,32590,29210,29620,27710,28580,27130,22470,24970,25020,26090,32890,30260,32160,30310,29110,27380,31410,28760,26560,27510,23930,24520,27610,27800,28390,27180,26350,26340,28230,24010,22490,18460
해외 여행자 보험,36.2,63.79,50세 이상,0,0.47,3.65,10.63,25.72,28.42,31.07,14880,13290,11040,12260,19070,31010,41360,47840,69200,60900,55700,17570,20500,24900,30260,23190,19610,19960,25970,26380,30270,25640,24010,22370,21860,26220,31970,25370,23360,22720,25460,25290,29210,26160,26030,23200,24370,28680,32700,25680,22070,21840,22720,24860,25380,22560,27030,25250
퇴직금 지급기한,46.88,53.11,,0,0.27,6.94,20.56,29.49,22.28,20.43,27280,28830,32160,29520,40600,31980,32390,32200,34190,31060,29550,26290,25230,24170,27740,26440,36320,26760,25980,25010,25480,27140,23340,23970,24410,23870,30480,24000,34350,31280,29730,28290,30210,27740,23400,24830,21870,22020,27280,23820,32580,27880,24140,22880,24930,24880,23800,19310
알바천국 대구,25.83,74.16,"40~49세, 50세 이상",0,0.06,0.17,2.49,18.82,38.48,39.93,36480,34110,34640,35190,38510,36800,38860,37280,34450,36450,35070,39850,39390,38200,42610,43810,49240,38260,42940,41920,37530,38040,35230,39900,39260,32090,34590,28670,34360,31090,29640,29740,29980,31140,28470,30930,30230,30200,29460,33900,34330,22570,18240,16970,15690,21840,21890,19080
디지털 노마드,35.98,64.01,,0.01,4.14,12.75,21.81,36.47,17.76,7.03,23120,24510,25560,23270,25300,19270,19400,20550,22420,26240,21640,22940,22900,25430,29800,23730,27240,29380,26200,108500,58280,43750,40290,36710,45740,42020,41230,33480,35530,30840,30180,27480,47220,28630,23980,23990,23550,24310,23080,27120,35660,25710,20800,25440,24720,25130,21460,16920
아르바이트,34.88,65.11,40~49세,0.04,5.53,6.66,7.15,22.54,40.23,17.81,45200,44340,42270,39360,45210,43360,50410,48710,45330,43000,40500,43370,46340,47090,44130,39340,48030,40040,42310,41490,38290,36390,33310,34030,36360,36200,41660,32690,38240,35960,33030,29750,29580,30300,25640,26180,27320,28870,28990,24610,26370,23140,21680,22860,30430,20360,20940,17560
국민연금 관리공단,43.37,56.62,50세 이상,0,0.32,1.15,1.82,8.97,31.23,56.48,362800,408800,459800,454400,514900,420300,451000,370500,390500,389900,367300,321600,334100,336900,438500,313800,300600,255200,318900,265000,262000,281500,222900,237200,256700,296100,430200,307700,318000,231300,38100,25580,30200,26570,24900,23130,21920,22200,26530,28360,26850,25950,25110,22040,24460,22170,21910,18050
네이버 스마트스토어 판매자센터,40,59.99,,0,0.17,2.46,8.27,33.64,26.72,28.71,113400,115600,111400,94800,103800,91400,90700,86700,93100,98200,265600,87700,62400,54100,50600,38800,39900,32500,35100,32900,34900,26170,24020,24540,38700,37200,37200,29900,37100,33800,33700,29730,34870,29950,27070,31490,25770,24000,24630,23060,19900,21100,23140,24050,25960,25730,25820,21370
편의점 알바,40.1,59.89,,0.25,18.17,16.61,7.55,14.6,21.9,20.89,30340,33450,38840,32870,34270,27970,27890,34090,38610,38580,28160,28530,29480,37010,36490,35630,31070,25280,24840,29730,29380,28950,23870,23860,25580,28590,29690,32420,28540,23120,26290,26740,27160,27180,25990,22810,26630,26940,31470,27370,27400,19180,18600,21980,22040,21050,17760,17000
케이뱅크 신용대출,56.97,43.02,,0,0.54,6.97,17.59,35.45,26.6,12.82,2890,2330,3370,4130,4310,3660,2980,2370,3340,2310,1670,1890,1850,1770,7040,13020,14920,24090,42000,41770,36640,36690,20430,17980,19240,18420,24880,21760,52560,52010,50470,39870,29690,28740,27630,22940,23770,24340,13690,13830,23630,27250,25600,26290,25230,22590,21960,21800
알바 이력서 양식,27.14,72.85,"13~19세, 20~24세",0.01,38.69,37.29,10.33,5.25,4.9,3.5,19110,22820,21950,17200,19780,13920,13540,19290,17390,15020,12620,11150,17150,22530,22500,19010,19770,13170,12560,17750,16040,15970,12780,12150,19600,22760,23890,19300,22110,15570,13590,20460,19860,18280,15420,14220,22440,27710,25290,27870,29380,17590,15210,22110,19460,19940,18650,13140
주식 양도세,60.34,39.65,50세 이상,0,0.71,4.69,7.88,22.43,32.28,31.98,16030,27030,26640,31080,33780,16200,27300,12540,9770,8650,9190,20790,22810,31780,9500,9600,10540,12200,11620,10830,13710,14430,10870,9240,39330,163900,15920,14210,13750,11840,15040,10480,10860,7950,5810,7920,11320,19130,7660,8710,7340,7640,12690,8860,21610,100400,36610,16140
부산 알바 천국,37.78,62.21,40~49세,0,0.14,0.47,1.64,31.84,39.83,26.05,32920,32550,33150,32030,34800,36210,37910,37890,35150,37570,38640,40790,39360,39450,41970,41590,43840,40430,39630,37960,35880,35980,32690,38660,37520,37030,34350,24760,28160,27180,28190,26330,25030,23410,22550,24400,21650,21620,22620,23470,24530,24190,22230,20930,19080,18880,18930,17310
미국 주식 양도소득세,56.77,43.22,,0,0.26,2.85,9.37,30.35,33.52,23.62,9320,10690,4810,4270,6440,4940,6690,1960,2110,3210,2070,1990,2640,4570,2670,3090,3580,3610,7370,7950,7520,5690,3920,3470,7210,24150,9120,10680,12260,8720,14050,12460,14080,7430,5780,10980,22710,50270,16850,11600,8530,14260,27270,15480,16270,15920,23520,32510
연말정산 소득공제,41.81,58.18,,0,0.51,4.34,12.64,26.05,31.26,25.18,32450,77000,246400,64800,22470,14330,22200,9690,12530,16640,17470,20210,23630,40930,99600,34100,12160,8980,13110,6910,9240,14690,15820,21050,29460,43900,93700,29600,13240,10920,14820,7690,12360,17280,19250,23470,22690,38400,74200,37800,9840,7360,10660,5070,11970,9240,11510,13950
국민연금 가입증명서,53.1,46.89,25~29세,0,0.2,6.18,26.1,40.53,17.51,9.44,13080,12430,13060,12820,13110,14730,17030,14720,15370,13360,14170,16480,22000,19570,22870,19150,17280,16510,20740,24990,20350,16510,17330,16230,19690,20670,23620,20900,20660,17770,19770,23390,25680,22380,19410,17970,20700,21850,22530,22180,21850,18360,24840,23430,22380,21110,19560,12820
4대보험 가입내역 확인서,47.93,52.06,25~29세,0,0.23,12.39,33.45,31.09,12.98,9.83,8520,11280,10530,10630,14510,13470,11480,9260,6930,8970,9080,19020,17240,16050,17100,21730,23290,23860,18740,13440,20210,17880,17110,33720,21920,26240,27520,20110,33260,32430,23400,28680,21560,19930,28210,31730,18390,18520,19960,20700,35000,23210,12540,13930,18220,19290,28890,21150
마켓컬리 알바,39.84,60.15,,0,6.63,12.69,14.93,24.05,25.54,16.13,10020,13090,17200,11610,12980,11940,12770,14640,16510,12530,10770,13500,13620,20450,26680,16200,16620,19700,17650,23620,25190,18020,15330,16780,17630,20970,28990,16850,18700,14010,15830,17720,18350,15610,12690,14600,14960,17700,28250,44080,25750,19680,18390,19730,19740,15610,13740,11270
스드메,49.1,50.89,25~29세,0.02,3.44,8.9,24.77,36,12.9,13.93,21770,21240,21640,20410,24300,21370,21690,23170,20840,17810,18880,22020,18740,17340,24340,21770,37210,27140,32250,22320,19810,17940,17620,21160,16930,17860,21380,22220,36570,26330,19260,19470,25340,27200,18540,23100,27480,16040,18550,29170,24440,24430,26700,16560,16630,15930,18700,13820
치아 교정,38.17,61.82,,0.17,7.27,11.18,13.57,24.11,29.32,14.33,24250,26440,32660,30470,27100,25400,27650,27520,27930,29770,23100,22610,21660,21950,30880,27180,25380,23040,23780,22660,21860,24870,20310,20940,19900,21780,27000,24620,21570,17450,18320,17210,17170,17880,15340,18230,16870,17760,36100,22480,20510,28980,27750,17720,15520,16570,15230,12370
햇살론15,62.34,37.65,,0,0.41,6.81,14.64,32.48,30.18,15.46,23550,22760,21110,18940,21470,19880,21070,18730,20320,28190,28680,29740,33850,37580,34510,33530,36430,30270,29490,25600,26100,25000,22760,26490,27030,24290,26720,20970,23860,21960,21010,19910,27610,21370,18140,22960,22500,21470,20280,21680,22650,21970,22510,20140,19910,18290,18330,17440
재택 알바,27.22,72.77,,0.01,3.44,8.02,17.53,36.97,24.92,9.08,25930,27790,29580,26030,27740,22970,24890,26880,27330,26440,24370,26210,28890,35390,43880,35440,35120,27440,28880,26970,27000,27480,24920,26790,27130,25430,30490,22370,24640,24600,26260,23880,26020,24520,20400,23650,22820,22390,23960,24760,24920,23800,21350,19400,18760,17020,15540,12070
상속세 세율,54.02,45.97,50세 이상,0.01,0.93,2.05,4.46,13.79,27.87,50.83,30380,26480,28480,27790,29930,29720,30660,27550,28380,29350,34770,29210,25710,27530,31670,29650,27670,26820,31510,32890,29470,28730,34680,35030,32500,27160,32900,31170,28490,29000,32550,39450,36130,17650,15250,17100,18040,19270,20970,26170,23450,15880,17020,17790,19760,19130,22220,23650
마이너스통장 개설,49.45,50.54,,0,0.28,3.81,13.28,37.44,30.19,14.96,6630,5830,8190,7000,9000,7880,6410,6190,5960,4800,4160,5800,6350,6390,6710,6610,7120,6630,8450,8110,7930,7560,6890,7880,7280,7050,9050,7690,8170,7630,7010,6750,8070,9670,8990,15090,19220,20860,19210,21640,21000,20680,21280,21990,19890,17880,17270,18690
맘시터,12,87.99,50세 이상,0,0.17,0.68,2.38,17.71,18.74,60.3,41500,39990,43590,43970,49240,42290,42110,40860,42080,42430,41380,37380,36370,34350,37970,41320,42370,35260,49200,44880,38810,39350,34910,34650,42760,41030,37060,28000,29510,23340,22360,20090,21000,22050,19530,20340,19320,19530,20710,23270,22310,17420,16630,16070,16440,17260,25540,24880
전세자금 대출 금리,51.58,48.41,40~49세,0,0.03,0.52,5.9,34.91,40.82,17.79,17450,19690,31380,32610,33850,35620,34300,44100,55600,54100,57900,71100,70300,65000,81500,75600,65000,55900,52400,51100,46000,49400,42180,50700,44490,39650,55400,42310,40200,34640,35550,33400,31440,31990,25190,26610,21510,20590,25010,26040,24340,19280,20080,20220,17540,15520,14470,13950
4대보험 통합징수포털,53.1,46.89,40~49세,0,0.21,0.75,5.49,32.82,36.47,24.24,71710,79270,76650,72600,79190,70270,75340,71130,72320,73800,67950,66870,68770,74230,79390,79360,79040,71270,81950,71170,72220,71270,59340,60760,64180,66320,67720,60610,65310,64970,70590,59690,63010,57380,49920,53300,23500,23910,20000,24710,24980,23300,18780,18120,15820,16220,14140,13590
전세자금대출 한도,48.26,51.73,40~49세,0,0.07,0.6,4.63,27.12,40.84,26.7,43940,45450,51930,44720,45650,39110,39240,36430,32550,32110,30740,32380,28250,26690,35910,35700,34100,26710,28100,28080,28810,29250,24620,26500,24520,23210,31310,26650,25460,22330,23340,21250,22490,22410,20420,20940,17330,16200,18950,19700,18760,14570,15470,19050,25710,22350,22110,21300
아르바이트 이력서,27.2,72.79,"13~19세, 20~24세",0,37.82,31.21,10.36,5.69,7.77,7.12,25780,29300,28600,23460,25800,19710,20330,26270,23310,21530,19050,17940,24780,29900,27720,26310,28600,19010,18400,24020,21140,21000,17270,17020,23010,25790,27460,22240,25120,18180,17240,22320,20900,18600,16240,16060,22380,25150,21990,22350,24150,16270,14390,18070,17250,17670,15620,12260
개인회생자 대출,63.01,36.98,40~49세,0.01,0.05,1.76,7.66,27.24,44.19,19.06,16990,16090,17610,15420,18080,17870,19480,18050,18370,18030,16720,18480,18520,17650,18060,16480,19710,11570,12920,15430,19910,20380,18710,21200,19640,19240,23230,28470,29110,32410,41410,35230,35050,26130,19860,19440,19080,21890,25950,19730,16670,16330,16210,29700,17550,13530,15790,13750
퇴직연금 irp,40.61,59.38,,0,0.08,2.43,13.29,30.12,29.43,24.61,5360,8160,6820,6450,6050,6060,5060,4910,5300,4510,4210,8610,13940,21770,21890,21240,17860,12550,13680,13340,11710,11450,10010,12230,15770,24930,26790,23550,22490,16830,17680,16210,16860,13790,13490,18470,20620,26740,27300,27500,20450,13550,12880,15290,14680,14010,15450,17290
재산세 계산기,58.76,41.23,,0.03,0.8,2.16,7.59,40.18,29.27,19.93,12640,9690,9370,11180,30370,16500,19280,21240,63000,8270,18610,5920,7160,7380,9640,9980,24260,15420,19990,17700,48400,8570,15270,7590,8440,8340,11120,11240,18150,19270,21290,20650,57300,10230,21600,9690,9440,8550,10620,12780,21350,18820,21840,21800,59300,11200,20130,8870
소자본 창업,57.31,42.68,,0,0.76,3.28,9.12,36.84,34.29,15.68,22250,21780,24600,26760,29200,24980,22610,21520,18590,20760,21630,26240,22560,20460,24170,24840,35370,32160,29310,25950,22550,26060,21930,23920,23190,23570,28210,25470,32580,26260,23420,24880,30340,22330,23090,22100,18710,19320,19740,19840,17970,16250,16750,23020,26880,21640,15350,8960
알바 브이로그,0,100,"13~19세, 20~24세",0,41.66,33.33,4.16,16.66,4.16,0,110050,110034,135055,135036,110045,90530,90538,90550,135060,135090,90536,74069,60550,60550,74050,49536,40548,33156,33138,33145,33125,33170,33150,27140,27148,27125,33130,22233,18125,18139,14828,14832,12160,12123,9925,9936,9930,22211,27112,27116,18116,14816,14824,18120,18115,22224,14812,14833
직장인 신용대출,56.84,43.15,,0,0.03,2.33,14.2,34.29,30.13,19,30520,28140,30240,31480,36160,31890,31110,30660,26320,22510,19540,19620,19370,16990,20550,21080,21090,19570,22900,22540,20980,20470,17930,18670,17580,15100,20560,19870,22420,19640,20120,19130,21970,20650,18740,20330,18480,18190,19210,20710,20270,17740,17550,21060,19790,17020,15840,14350
마이뱅크 여행자보험,23.88,76.11,30~39세,0,0.27,3.35,13.57,47.3,28.17,7.3,3490,4000,3210,3280,5910,9920,15310,17840,31810,51700,22080,23440,27330,35380,50600,38250,32650,34270,45830,46700,60000,71900,61900,51000,47900,57400,78400,58700,53300,50300,55800,40380,36730,40000,36450,26850,24780,27660,32880,28290,21720,15190,12140,11690,12340,10510,12050,10570
영상 편집 프로그램,49.55,50.44,,0.12,3.12,12,19.68,37.21,18.96,8.88,58200,38900,31990,30320,32050,27580,31630,27440,26140,24180,23390,25140,38440,28230,29170,26130,27190,23850,29120,25860,24910,24270,23650,25660,30960,29990,26170,24430,25850,24700,26180,25200,22540,21870,21650,22750,23110,22510,19240,19060,19290,17920,18130,17700,15400,15700,15500,14830
여행자 보험 추천,35.37,64.62,,0.01,0.82,5.71,14.54,28.31,25.63,24.94,810,1100,1170,660,780,1420,2140,2950,3910,3630,3860,5670,7810,11950,17540,14210,10440,10670,13640,14600,16890,15370,13980,13560,14280,18650,25020,17490,13910,14050,15140,19180,20800,20260,18570,15740,15490,18880,23960,20710,15210,15740,15430,16800,19100,16770,20760,17060
생애최초 취득세 감면,48.52,51.47,30~39세,0,0,0.36,12.21,54.98,18.47,13.96,8130,9220,9170,7780,9480,8130,11150,18660,13850,13220,12530,12570,16210,15990,21150,27160,55900,29980,24940,20260,21400,23790,18910,21030,20010,20310,25550,21910,21890,20840,21170,20140,21940,22660,18490,22110,17810,15060,17200,18620,18890,17050,18220,19490,16880,17880,18830,19090
4대보험 가입증명서,54.24,45.75,,0,0.25,4.39,16.19,35.97,24.58,18.58,15650,18370,17410,19850,21490,17910,16330,15990,14320,15500,13930,13040,15360,17840,18970,19630,19980,16080,17020,16170,15390,16950,14560,15210,17840,19890,21460,20160,20000,16470,15970,15660,16470,16410,13590,15430,16020,16990,19630,24510,21150,19010,16780,17410,15670,17370,16870,13370
아파트 취득세,64.29,35.7,,0,0.08,0.58,5.38,31.16,34.03,28.73,15800,16110,17370,16270,18640,16830,18630,18230,15420,15200,15030,10450,12230,12800,15710,16760,17260,14960,16510,16780,16730,18570,16940,18410,17430,16750,21520,20350,19790,18770,21220,21960,24520,22310,20150,22030,16270,14840,17260,22430,20890,18550,18160,19700,15570,15210,15320,16220
쿠팡파트너스 하는법,25,75,,0,1.43,6.76,16.97,40.17,22.63,12,7250,8370,9360,8520,8660,5930,5630,4520,5740,7260,5560,4740,4880,5410,8480,8110,6370,5760,6550,9660,9810,11870,8330,9810,8430,8470,11660,9830,10360,9210,8820,9610,10360,9610,11510,8710,8920,6810,10300,10060,10040,11480,18720,25430,25250,31180,22750,18600
4대보험 요율,48.77,51.22,,0,0.25,2.29,11.47,34.43,29.51,22.01,12610,13850,25030,19450,12830,10760,10250,10240,14270,14710,11200,10420,12220,14450,27000,26690,16490,12770,10860,10140,11530,12020,11400,10760,15000,17000,35730,25040,18240,17130,14750,13230,16350,14620,12920,14030,18360,18820,25290,23470,17120,17030,13310,12790,12940,11940,12680,9590
운전자보험 추천,53.58,46.41,50세 이상,0,0.17,1.48,6,21.66,31.62,39.05,6310,7440,7230,6680,6050,5760,7310,6390,7000,7610,8870,11490,11900,18080,13220,12110,13340,11590,15860,16310,9930,12590,9750,9670,12300,10840,15110,14160,16560,11200,9940,11350,12060,15240,18240,11860,14890,13400,14810,18570,18730,19070,15190,17510,16680,17030,15270,11690
재산세 카드혜택,28.63,71.36,"40~49세, 50세 이상",0.01,0.06,0.15,0.45,9.97,50.64,38.69,60,50,39,10,0,0,30,70,63180,5190,102600,2220,340,240,60,23,10,10,37,110,154400,3370,105700,23680,270,90,130,30,25,40,50,150,124300,2370,86800,1330,100,40,60,30,30,30,40,160,114900,1750,67000,8230
자녀 증여 한도,45.71,54.28,50세 이상,0.01,0.09,0.67,2.65,20.71,31.62,44.22,5930,6880,7310,6520,5100,4770,7050,6470,5800,5720,5790,4430,5460,6260,11620,9570,8380,6630,7500,6410,12840,10350,8610,9320,10090,13500,14530,14200,12000,10030,10450,9870,17330,13580,12410,14890,15340,16280,19400,18840,14910,12230,14760,15080,15720,15500,15280,18720
db 운전자보험,57.9,42.09,,0,0.14,2.97,13.14,32.5,24.4,26.83,12820,13180,13180,12580,12240,11660,13380,12310,13250,15170,14410,14450,13990,17680,15530,13500,14130,13160,16790,18060,13430,15020,11490,11630,12740,12390,13780,13670,11940,11190,11890,11730,13240,12490,12670,12410,15900,15300,17090,17810,17620,15270,14090,13760,16240,15760,17080,15490
개인회생 대출,69.94,30.05,40~49세,0,0.09,1.84,13.7,34.87,38.98,10.5,10940,10980,11870,10890,13280,12650,13560,12110,13200,13700,13050,14070,13960,12740,13210,12120,8100,7440,9310,11380,14250,14180,13790,16040,14710,14240,18320,20480,21480,22850,27190,25800,23750,19410,15490,15080,13430,18620,20880,18630,15540,15590,13510,26000,13650,10290,12190,10610
증여세 신고,44.84,55.15,,0,0.19,1.22,8.11,33.53,27.15,29.76,12370,12560,12790,11810,11920,10140,10170,8670,8200,8510,7800,7810,8200,9470,9110,8040,8400,7150,8810,8010,8420,8680,7880,8990,9420,9880,13030,12740,12560,11720,13440,11720,13640,11520,11510,13080,11680,14610,14050,15110,14450,12830,15630,16500,16190,16420,20850,20570
입주청소 비용,40.96,59.03,,0,0.61,5.63,15.42,34.11,23.04,21.16,14850,14510,15940,17020,16850,15570,15940,15050,14010,14330,13400,13900,13570,14180,16110,18600,18810,17380,17340,17230,17440,17690,15950,17650,17880,18190,21030,18690,19380,19070,17010,16800,19010,16470,15120,18890,16340,15920,16360,17680,16950,14650,14750,14990,14790,17630,14560,12630
갭투자,59.31,40.68,50세 이상,0,1.21,3.84,8.04,22.08,19.48,45.31,22060,17450,23510,25110,24740,18200,19200,17510,17230,17120,13980,15220,12300,17320,15360,15360,16280,17720,14940,12800,10620,11080,10060,11050,8970,10590,10970,10760,15560,12250,12180,11500,13970,15760,13320,11490,8800,6400,7850,8180,11840,20780,8860,24450,18220,16590,10310,41810
쿠팡 알바 후기,36.45,63.54,,0.01,8.4,14.15,18.24,25.06,22.33,11.76,7340,9370,10930,6980,7540,7200,7820,10200,10580,8730,9500,11410,11860,16300,18950,12660,13010,11190,14300,17270,20550,18820,18300,20750,21680,26580,31620,21450,23340,22830,22490,22350,21830,21500,16910,17560,18480,18920,19900,13470,14480,11420,11810,14480,16910,16400,15400,12330
상속세 개편,60.33,39.66,50세 이상,0,0.46,1.43,2.66,9.95,28.39,57.08,1640,660,290,160,300,240,610,1300,2140,930,1260,1750,720,950,1290,1470,1380,1240,1240,1630,1310,660,800,1010,8620,6090,7450,5960,5700,5670,9150,30110,113600,33770,13600,11320,16740,17200,8380,20220,46770,8880,10000,10140,13110,8310,14170,9830
카페 알바,20.69,79.3,13~19세,0.23,24.82,19.45,15.18,23.25,11.62,5.41,29630,34580,40850,33630,39930,33300,33720,34480,34020,34000,28100,24340,25580,25200,29690,28760,25090,20250,20980,20950,20600,24030,19650,17000,17890,17590,21030,17210,17140,16680,16650,16940,16950,19690,16270,14480,16910,19590,19640,16580,16660,13350,11440,15480,13090,15370,12600,10710
주택화재보험,43.26,56.73,40~49세,0,0.05,0.49,4.78,34.39,39.33,20.93,7030,9140,10950,8850,11850,8180,8370,8590,9890,11980,10180,7940,7980,9120,10130,9110,9690,10420,9340,10150,11300,11010,8810,9520,9280,11790,16130,15180,14380,11330,9320,10890,12340,16650,11880,11230,11220,14020,16970,14170,20020,14970,12680,20210,15810,14320,12080,9570
운전자보험 비교 사이트,58.44,41.55,30~39세,0,0.17,3.07,10.31,43.44,21.5,21.5,6700,8540,8570,7660,7720,7820,8620,7950,8290,8530,9060,10550,9470,11470,9520,9820,10180,9020,18300,18140,11780,11710,9240,9720,8490,6490,12660,12800,12780,15240,17880,15800,16780,10530,12930,12020,14780,14160,15440,11390,9100,13650,9870,21460,14370,15130,16910,17920
삼성화재 운전자보험,55.84,44.15,,0,0.23,3.15,11.8,36.5,27.62,20.68,11560,12770,12980,11860,11500,12140,13860,13100,13930,16020,14490,13910,12400,14250,12980,12190,12520,15920,15320,15980,11950,12070,9930,10970,11350,12180,15450,15010,15530,13070,13180,13010,14630,12840,11280,11880,14540,13830,14440,15340,14670,13140,13090,13590,16230,17050,15570,12230
실업급여 4차 실업인정,42.36,57.63,,0,0.12,7.65,22.72,33.04,21.87,14.58,10160,8870,9020,8380,9120,10650,9870,11380,10610,11390,13450,13090,9420,10730,12700,11820,12940,14350,13840,14240,10630,9900,8830,9840,7190,7210,8330,7610,10380,14160,9650,10770,8510,8760,9010,9880,11830,12260,12900,12300,13900,16210,14800,18250,15760,14870,15130,14540
메가커피 알바,14.21,85.78,"13~19세, 20~24세",0,30.7,27.81,12.81,16.09,9.37,3.2,8440,10090,12280,14660,17540,14200,14560,15860,17280,18320,14470,12760,15330,14920,18380,15360,16050,13260,12360,15950,14990,15370,12990,8750,11320,10770,13690,13370,16650,12520,12700,13020,15830,13260,10710,10150,10450,14750,14680,17550,15240,14520,14310,17540,14480,17050,13980,8110
신용대출 금리,59.77,40.22,30~39세,0,0.06,1.25,12.4,42.73,31.24,12.29,11060,10970,13530,12590,13700,14250,12150,15420,17100,18010,18690,21210,23360,19050,26120,25590,23830,22770,24190,23580,20380,19160,16940,19090,18020,15890,22660,18460,18500,16140,16590,17320,19450,18500,15530,17620,14400,13400,15890,17640,17480,13790,13590,15280,13170,12350,12870,12190
스드메 뜻,44.21,55.78,,0.06,3.89,10.37,19.8,23.02,15.96,26.86,10190,10120,9350,8650,11480,11100,10520,10780,8150,6900,6950,7380,6440,6380,8410,8180,10780,7750,10230,5630,6910,5940,6270,7620,5470,7050,7440,8080,18300,11290,8650,9470,14880,13170,10920,14960,20470,10120,13730,20980,14830,14780,22960,9480,10210,10270,13250,10700
공모주 청약 일정,42.41,57.58,50세 이상,0,0.1,1.15,5.87,18.92,25.1,48.81,20740,12230,29740,24150,12770,7000,9260,9420,12350,6870,8800,9510,6670,2670,9520,17890,11570,10640,14030,22040,44190,15990,23070,34600,41690,35580,56240,46210,37440,36270,30260,44780,31130,19110,12620,25870,8990,6880,14410,11490,11800,7670,12090,12640,23080,28410,14650,18130
상속세 계산기,53.38,46.61,50세 이상,0,0.44,0.96,3.41,13.08,31.1,50.98,12810,11860,12170,11900,12470,12790,12980,11890,11870,12430,12880,10350,9970,10580,11870,11880,11130,10720,11610,12590,12180,11810,11580,13210,13520,12110,14720,14650,13910,13610,14860,14960,18340,13800,12190,13640,12570,13400,13920,18790,17010,11910,12330,14250,13890,12850,14130,12530
반포장이사,32.25,67.74,30~39세,0,0.16,5.37,20.91,42.24,20.63,10.66,11640,12110,13560,14040,12750,11670,10970,9970,10200,10420,9580,9690,8430,8910,12270,13690,11460,11750,12350,11230,11000,11640,10060,12990,11850,11670,17530,18120,15590,11100,11450,11260,16990,15280,13670,15640,14410,14750,16260,17060,14810,13450,11830,11690,13260,13050,13390,13520
쿠팡 물류센터 알바,53.69,46.3,,0,9.87,5.84,8.15,24.63,31.26,20.22,25120,28870,31740,23110,29060,26680,27250,24750,24660,22040,26630,22780,20690,20740,26790,19050,15870,13730,16760,18390,19370,16060,17510,21480,24450,26990,33960,21050,21400,18250,20390,20300,23470,22930,19660,22140,19840,17970,14760,12670,12540,11240,9610,11650,13490,11670,13850,10620
포장이사 비용,43.75,56.24,,0,0.19,3.03,14.73,33.89,24.92,23.21,14360,14280,15010,15450,16080,15270,15150,14500,14300,14890,14960,12010,11680,12170,14340,15530,13250,13590,13390,14000,14100,16050,13940,16350,16490,15290,17720,16630,17620,13900,13830,13420,14010,13230,12760,14160,12380,13960,14360,14700,14710,12390,13030,12960,12340,12630,12370,13920
양도소득세 신고,50.39,49.6,50세 이상,0,0.15,1.82,5.03,23.8,34.23,34.93,7560,6970,7040,7100,6860,7250,11000,6670,6630,7340,6670,7560,7600,7630,7630,7950,9800,10530,14900,11980,12100,12250,11600,12700,12060,11910,11830,11150,12090,13020,17390,11170,11920,11110,10670,11810,11370,12870,11490,11320,12130,14700,27090,14140,12130,11080,10930,10180
실업급여 신청기간,38.59,61.4,,0,0.1,5.96,17.88,30.47,22.91,22.65,8950,10910,12810,9750,12050,9490,9670,10200,10060,9840,10170,10760,11240,13960,17520,13730,15450,11510,12060,12650,13620,12420,11140,11590,12040,14590,18150,13750,16180,12850,12550,12660,13600,11850,11300,13090,13000,14820,17370,14210,16250,13680,11920,11940,12650,10850,11260,11200
알바 사이트,35.13,64.86,,0,7.19,6.08,7.46,21.43,33.33,24.48,19780,19150,19910,17920,20340,19550,20710,22090,20970,20260,19530,20130,20820,22180,23730,19880,22020,17630,18500,18640,18080,16650,14520,15920,16150,17060,19730,14480,16370,14540,14900,14670,15280,14280,13580,14950,14620,14510,15750,14810,15180,13240,12070,12970,12130,11350,10810,10350
앱테크 추천,39.52,60.47,,0.31,6.76,7.58,13.69,31.18,25.91,14.53,11320,13400,16450,16180,18140,11480,12040,11830,16940,17500,18330,23600,17330,17630,22880,20790,19790,15690,15990,15900,16620,16610,17510,19470,16840,15940,20060,16200,17070,14670,15250,21170,18160,22760,13690,13340,13330,13440,18120,15760,14870,15600,11020,12760,10400,11860,10950,9350
퇴직연금 중도인출,55.01,44.98,,0,0.09,1.89,11.99,34.82,32.05,19.14,8390,9820,10720,8610,8870,8520,9600,9080,8810,8500,8590,10920,11910,13940,13520,13120,12960,12480,13200,11950,11570,10900,9680,13360,12900,12660,13720,11340,11800,11430,11880,11430,12160,11530,10980,13870,12640,14550,12360,13010,12390,11260,11930,16530,14860,11760,11900,11800
단기 여행자 보험,33.07,66.92,50세 이상,0.05,0.51,3.93,9.79,22.1,25.74,37.85,3250,2630,2770,2000,2830,5020,7110,7470,9330,8490,8000,9690,11080,12680,16190,13610,11730,11210,13370,13330,15220,13750,11910,13260,12150,12910,16820,12760,11310,11210,12710,12540,14520,13660,12500,12460,12800,14410,16350,14970,11780,11480,11690,11410,12970,11450,12580,11840
이사 비용,44.65,55.34,,0.02,0.49,3.22,14.67,36.23,25.82,19.51,10470,10840,11570,11900,12960,11490,11010,11570,11190,11850,11920,14970,14180,14100,17450,17940,19210,17750,25730,18200,17150,17200,14850,16900,15690,13930,19440,17840,17800,14460,14720,14520,16030,15180,14310,15150,13110,12130,14730,14820,14860,11360,11780,12550,11430,11920,11960,12800
부동산 취득세 계산기,59.13,40.86,,0,0.04,0.32,4.54,32.63,32.74,29.7,57640,56110,53970,52210,58510,55370,56410,54410,44670,42290,42020,10830,6670,5630,6450,7710,8070,7790,7880,7910,7480,8830,9080,9580,9150,8610,11100,10380,10580,10450,10630,10830,12970,12470,10380,11750,10670,9660,11050,12580,13530,12270,13140,15240,11990,11390,13170,13560
운전자보험 비교,58.46,41.53,30~39세,0,0.21,3.13,13.63,53.82,18.18,11,2070,2610,2790,2620,2760,2600,2950,2630,2900,3190,3040,4480,4560,6240,5210,5460,5880,5590,7450,9260,5750,6790,7720,10650,6450,5430,12200,15300,16970,16080,20570,16420,14050,8790,8840,7770,9530,11820,12590,10980,10610,9320,9340,15990,12190,12340,16760,15070
고용보험 실업급여 조건,38.78,61.21,50세 이상,0,0.22,3.75,7.89,17.37,28.74,42,53190,58440,59780,50950,52790,46200,48480,47350,41120,43220,42350,40630,43850,50400,53010,44700,43210,37870,40110,41510,42630,37360,33530,36100,38170,43440,46600,35790,38190,31210,31300,30890,35590,34340,33810,36340,10690,12410,12650,17220,11170,8530,8220,10080,20430,12770,12670,8920
기초연금 모의계산,52.93,47.06,50세 이상,0,0,0.19,0.86,9.27,14.74,74.92,7130,11100,13880,11200,11560,8320,8830,7930,6280,7230,9200,8840,7820,13590,23880,11660,12420,9090,9360,8570,7870,11460,9160,10730,10490,13930,31570,14950,13450,12510,14560,9670,11750,10880,9820,8650,8260,8310,22710,12680,11640,11170,10550,12040,11780,14590,10980,10430
연금 저축 보험,38.75,61.24,40~49세,0,0.18,1.99,9.87,32.6,36.36,18.96,10090,12350,14500,14820,9810,7460,6960,6470,6400,6710,6590,6890,9040,14160,18490,16170,12050,9240,10750,10200,8740,9640,7630,8080,10440,14940,19760,17580,13920,10200,11940,10430,9530,9320,9390,9830,9330,12660,18460,17010,12020,9010,8480,10070,9400,13190,12840,10560
퇴직금 중간정산 사유,55.68,44.31,,0,0.02,0.45,6.1,39.54,33.87,19.99,10050,10160,10130,9400,9460,10030,10800,10190,9320,8980,10340,9720,10820,10750,11580,10970,10910,10520,11090,10360,9880,10180,8970,11280,11660,10790,13660,11510,11540,10670,10320,9660,10850,9890,9050,10140,10820,9970,9420,10960,11240,11840,12290,14400,14630,12140,11660,12670
양도소득세 신고 방법,47.75,52.24,50세 이상,0,0.18,1.87,5.04,19.58,31.3,42,14980,14560,12420,12000,11490,9910,14200,10140,9890,8660,6830,6050,5250,4140,4570,4510,5030,5320,8260,6970,7010,7060,6040,7240,8120,8470,8240,7160,8560,8590,13720,9240,11120,10450,9430,10530,10320,12200,9600,10020,9950,11230,22170,10830,11820,11230,11050,10410
부동산경매 사이트,55.45,44.54,,0,0.4,2.13,10.72,35.2,25.53,25.98,3040,3390,4520,4780,4430,3820,3730,3760,3900,4360,4330,6340,7320,8120,9800,9210,8570,8070,7330,7150,7690,7820,6650,7480,8440,8670,11890,15290,12630,11050,11430,10070,9690,9670,9180,9490,11060,12600,15090,14860,11570,9610,9990,10090,8810,11220,11670,12590
마이너스통장 금리,52.48,47.51,,0,0.02,0.95,10.33,39.85,32.5,16.31,3850,4530,6570,5400,6720,7180,6930,7710,9130,10870,11640,15840,20350,20530,24360,23680,22050,19290,22400,22000,19590,19140,16810,18480,17390,16140,21220,17950,17610,15770,15170,14850,16930,18380,15000,15920,12290,10900,11370,12470,12150,12610,12370,13030,10370,10020,9990,10250
디딤돌 대출 생애최초,45.11,54.88,30~39세,0,0.07,1.4,17.7,53.52,18.49,8.78,190,170,260,240,260,340,350,480,480,530,510,990,1100,960,2520,2130,2040,1780,2090,2180,2810,6820,5360,6890,3790,4220,7840,6440,6270,5440,6720,6130,7250,6270,5820,7970,6050,4810,9050,14340,16100,13080,13060,14700,11830,11060,11240,12080
양도소득세 세율,53.15,46.84,50세 이상,0,0.14,1.55,3.05,16.75,25.4,53.07,7640,7290,5850,5470,6450,7130,7390,5730,5820,5840,6250,7280,7370,7480,8700,11180,12710,11810,13280,12880,11570,12280,11210,11500,11120,10860,12290,12150,11730,11160,12410,12260,13840,12410,11520,13220,10580,9810,9170,11350,11990,11110,11680,11620,11100,11910,11620,12530
상속세 율,60.95,39.04,50세 이상,0,0.4,0.62,1.89,10.44,26.36,60.25,8100,7010,6760,6080,6960,6980,6860,6180,6210,7310,8770,9040,9060,9690,10780,10310,9790,8800,10150,11340,9970,10480,10860,11780,12920,11390,13240,12990,12620,12370,14670,18640,17550,10610,9590,9600,10550,10570,11240,14490,12910,8040,8090,8880,9640,10120,16330,12270
실업급여 4차,38.46,61.53,25~29세,0,0.23,7.77,25.69,38.69,16.97,10.62,2830,2710,2980,2890,3370,3620,3470,3960,3980,4270,4950,7360,7010,7210,7830,7590,9780,11810,11380,12510,10040,9350,9540,12390,10640,10670,12690,11450,13470,17340,14010,15730,14150,13110,13250,13370,10650,10440,11680,10600,10330,10750,10800,12570,11620,10070,11600,10830
양도소득세 율,64.19,35.8,50세 이상,0,0.08,0.25,1.05,8.16,23.9,66.53,29200,30370,23560,23120,29880,33770,37040,26300,25430,23280,22280,20240,19980,20550,18750,15090,14840,14080,15350,14540,13500,14640,14080,13630,12950,11930,13300,12790,13490,13290,15030,13900,15500,13920,12150,13850,13200,10550,8970,11950,12960,10600,10400,11100,10820,9710,10220,11270
자녀 증여세 면제한도,45.29,54.7,50세 이상,0,0.19,1.16,4.93,20.82,30.55,42.33,1750,1930,1860,2030,2050,1390,1810,930,390,420,730,2690,2190,2220,2550,1860,1690,1630,2120,1750,2860,2830,3110,3070,3310,4420,4470,3960,3220,2970,3480,4340,14650,13300,10850,5730,5330,6570,11550,12320,15020,9940,11570,12820,11780,11740,10720,10200
인천 개인회생,38.16,61.83,50세 이상,0.14,4.73,3.75,5.59,15.49,24.81,45.46,1570,1770,1520,1420,1690,1580,1460,1270,1600,1330,1580,1630,2270,3060,1810,1410,1510,1980,3130,2870,1390,1400,1730,2010,1870,2680,3820,12850,11850,5170,4240,4630,6000,6870,3600,4980,9200,8240,7980,6820,8790,11130,5670,7640,12710,14630,18530,17900
증여세 율,62.78,37.21,50세 이상,0,0.06,0.39,3.34,18.78,27.74,49.65,10310,10010,9280,8530,9450,10320,10800,8800,8990,10430,10970,11370,11380,11990,10000,8830,9250,8520,10670,10070,10130,10780,10300,10280,10740,10670,11440,11750,11460,11120,12450,12830,14420,10290,9070,9190,8580,9020,9110,10590,9710,8690,9580,11140,11000,11150,16140,14160
증여세 신고방법,45.6,54.39,50세 이상,0,0.12,0.92,7.57,31.66,28.39,31.31,16730,17940,17190,16620,17070,15950,16670,12890,12530,12600,11250,11540,14500,16810,15740,14280,13850,11090,13370,11400,11290,11380,9390,10720,11300,13480,14890,15120,15390,13960,15540,13100,12710,8540,7200,8900,8300,9660,9650,10830,10170,8570,10870,12170,13940,11800,10880,11610
주택담보대출 한도,50.44,49.55,,0.02,0.17,1.06,8.74,40.35,32.58,17.04,14410,13280,15110,14130,15040,14160,14160,12490,10250,9970,9930,8960,9100,8500,11370,10090,10880,11750,13070,13460,12430,13430,11560,12150,11130,10540,13630,12260,11210,9700,10250,11730,12820,11760,10940,11200,8730,8020,11810,11410,9890,7440,9940,11930,12320,11340,11210,13080
현대해상 여행자 보험,30.84,69.15,,0.01,0.47,3.93,11.4,34.61,26.74,22.8,1700,1530,1080,980,1390,2560,3760,4580,6480,6430,5480,6310,7790,10130,14180,12970,10540,11570,14630,14890,16490,15050,12780,12350,11600,13150,15250,11540,9400,9480,10810,11410,13340,11460,11330,11000,10540,11750,14420,11000,8170,8160,8300,9390,11620,10640,12450,10000
부동산 취득세,60.81,39.18,,0.02,0.08,0.84,4.99,34.82,31.96,27.25,11290,11710,11690,12260,15030,14410,15840,14090,11890,12210,12080,8160,9700,11320,11990,11170,11850,10500,11130,10440,9950,11150,9380,10340,9720,9660,12050,10800,11110,10660,11850,11900,12270,10910,8680,9490,9610,8380,9210,10960,12250,10460,11250,12330,9500,9540,10370,12260
푸른씨앗 퇴직연금,41,58.99,50세 이상,0,0.03,1.2,6.5,21.62,34.18,36.44,,,,,,,10,10,0,0,30,40,90,2870,1720,1170,5030,6490,5570,7850,4450,5240,6220,8050,10560,8040,6950,4940,7750,7830,7540,7720,7340,7760,6170,7530,7970,9730,7060,8950,10570,10220,12000,11150,11510,10870,14440,11420
배민커넥트 고객센터,82.4,17.59,,0,1.15,8.53,16.29,36.62,27.06,10.33,5520,7780,7390,6600,6730,4930,4260,3910,3890,4140,4400,4720,5050,6240,5650,4770,5500,4060,5010,4330,4990,4630,4480,4930,4540,6090,8910,9890,7940,7630,9490,9430,10690,10920,9520,8790,6900,7850,9230,9460,12190,11070,11850,11830,12340,11190,10240,9730
재산세 부과기준,48.26,51.73,50세 이상,0,0.96,2.77,8.29,25.07,30.28,32.6,7530,6250,4860,4790,8760,8030,12410,9680,50540,8200,23400,5940,4630,3990,3040,3630,5380,6450,8410,6760,33380,6800,18220,7040,4670,4030,4250,3610,5000,5780,8330,6980,33550,8280,22330,7270,4610,3890,3960,4550,5490,5730,7650,7890,39990,9360,23980,6510
케이뱅크 사장님 신용대출,57.13,42.86,,0,0.26,3.8,13.41,39.88,30.17,12.45,,,,,,,,,,,,,,50,1540,120,20050,13020,11470,10200,10100,9620,8410,8700,8660,7050,8820,7200,6610,5330,5100,4760,6070,5810,5390,6490,7030,7930,7720,10310,13020,10980,10500,10090,11990,11390,11830,10410
p2p 주택담보대출,60.52,39.47,40~49세,0,0,0,0,28.94,47.36,23.68,130,170,110,140,180,200,170,230,150,190,140,150,150,100,120,70,80,70,80,60,50,60,60,89,80,60,40,50,90,60,48,100,48,69,50,56,110,63,120,104,70,900,14812,6630,5480,22240,22250,49550
국민연금공단 채용,26,73.99,25~29세,0,0.98,16.31,39.74,28.71,6.2,8.04,5940,4710,4620,5550,11800,8630,20640,11340,7100,4950,15790,23790,6450,7460,5630,8460,8160,5270,6320,5990,5790,24300,10430,5140,4080,4490,5850,5380,24360,13660,6830,6730,6250,9000,10150,7910,4930,4870,5610,5880,12210,24140,12680,7460,5750,7090,19310,7840
4대보험 완납증명서 발급,53.39,46.6,50세 이상,0.02,0.1,1.41,5.77,22.31,34.91,35.44,25510,31030,16330,19990,23170,23010,24950,22290,19720,21530,22170,19460,16600,19090,9080,10890,12160,10240,10830,10800,10360,8260,7250,7240,8210,10560,7070,7940,8490,10410,10990,10620,9790,10650,10600,12170,9560,11620,5330,8120,9570,10590,9840,10440,9720,11210,11640,9770
고용노동부 퇴직금 계산기,38.78,61.21,,0.01,0.42,4.59,12.48,32.69,27.27,22.5,11090,16990,16910,15280,16390,14620,16260,17150,15160,13000,11490,11150,13650,17390,15580,12930,13990,11610,13090,12690,11720,10620,11110,11070,11370,12340,13340,11560,13140,12570,10260,9330,11090,9870,9040,9270,8820,10590,9510,9510,9670,9230,8580,8450,8620,8150,10570,13350
4대보험 납부,55.41,44.58,,0,0.15,1.82,6.6,31.27,35.68,24.44,5220,5450,5770,5450,6180,5310,5630,5380,5440,5390,5220,5130,5210,5800,5940,5440,6300,5670,5580,5000,5410,5370,4850,5500,5500,5420,5870,5350,5600,5250,5490,4880,5310,5210,4970,5440,7680,8320,7250,8620,9250,9440,9350,8610,10410,11000,10700,10180
우리은행 마이너스통장,58.4,41.59,30~39세,0,0.18,1.51,14.65,43.06,29.77,10.81,6670,6580,7680,6360,10000,9430,7510,6250,5760,5730,4870,4990,4870,4290,4610,4730,4570,4420,5480,5210,5770,5190,4650,5050,4680,4030,4620,3940,4210,3860,3640,3290,3610,4620,3480,3570,3990,3900,3610,3990,3890,3780,3510,4240,3470,63040,5450,3260
국민연금 수령시기,,,,,,,,,,,1150,1220,1360,1180,1560,830,1040,1250,1260,1260,1260,2090,2430,3280,5020,2760,2240,1670,2020,2270,1590,2490,2710,3050,2330,2750,4140,3670,3210,2600,2410,1980,2270,2590,2570,2160,2070,1740,3220,3340,320,260,260,210,210,390,390,90500
사잇돌 대출,59.59,40.4,,0,0.23,3.77,10.81,31.9,34.54,18.72,5650,4810,4730,4080,4590,4710,4700,4550,4740,4510,5080,5650,5730,5410,6600,7430,8000,6340,7280,5810,6470,6440,5210,6370,6260,5410,6310,5300,5940,5680,6400,6240,6430,6150,5480,5730,4850,4380,4230,5920,7070,8980,11310,9080,9360,10330,9560,11510
무직자 마이너스통장,62.27,37.72,30~39세,0,0.45,9.54,19.54,47.72,15.9,6.81,570,560,750,640,810,730,670,550,570,680,590,630,700,640,700,720,880,820,1000,1070,1070,880,780,940,1070,1040,910,920,960,1060,1100,900,890,990,760,820,880,1300,3330,3360,2000,22570,5820,6930,8390,12400,15070,12370
국민연금 제도 개편 시행일,,,,,,,,,,,,,,,,,,,,,,,,,,,,,,,,,,,,,,,,,,,,,,,0,0,0,0,0,0,0,0,0,0,0,90500
자진퇴사 실업급여,43.55,56.44,"25~29세, 30~39세",0,0.25,5.53,25.82,43.36,17.21,7.81,10550,10790,10810,9500,11540,12390,11560,10650,10170,9760,8900,6170,6330,6140,8340,7810,11570,8430,7920,7600,7720,7180,6340,6590,8190,8050,10700,8580,10130,8550,9240,7820,8190,7080,5960,6840,7380,6350,6260,6860,7490,7050,5460,5200,5590,10700,11610,9010
개인회생 자동차 리스,56.6,43.39,40~49세,0,0,3.77,11.32,37.73,35.84,11.32,57,140,99,70,60,69,75,66,70,89,58,55,66,50,86,90,70,90,100,80,79,80,77,80,90,80,100,90,60,70,70,80,90,90,70,80,100,100,130,210,220,1960,6690,22320,14870,33170,6690,2480
종신보험 연금 전환,48.57,51.42,50세 이상,0,0,0.26,2.31,12.45,28.12,56.85,1180,1350,1780,2160,1510,1070,1100,910,920,1250,1410,1280,1600,1710,2180,2040,2100,1630,1760,2410,1720,1870,1740,1870,1840,1880,2730,2550,2920,1940,2000,1910,1880,1660,1850,2000,1730,1670,6230,6100,18660,5210,3450,3370,3260,14400,9070,9260
국민연금 반환일시금,,,,,,,,,,,3490,3850,4130,4050,4350,3620,3540,3940,3750,3560,3600,3670,3140,3640,4910,4180,3940,3230,3510,3530,3290,3680,4680,4960,3560,4010,4590,4640,4760,4980,4860,3580,3680,4160,4760,4290,2990,3210,3620,4220,1000,880,590,480,590,590,60500,2900
재산세 과세표준,52.72,47.27,50세 이상,0,0.83,3.64,4.82,19.85,34.07,36.75,8390,6610,4820,4150,4400,3390,4330,4770,15150,3800,8400,2430,3100,3750,3560,3020,2990,2480,2860,2080,8220,2490,4820,2910,3780,3460,4320,3350,3570,2440,2820,2120,8350,1840,3830,2150,3010,2990,2690,2650,2710,2660,3820,2980,10480,5620,34350,5950
일당 아르바이트,,,,,,,,,,,41,56,79,59,40,50,40,38,34,58,36,60,50,58,66,40,70,60,69,88,40,50,70,54,36,30,50,40,36,50,23,26,36,39,10,23,25,34,44,29,29,25,26,38,30,26,49500,6617
국민연금 과오 지급,,,,,,,,,,,,,,,,,,,,,,,,,,,,,,,,,,,,,,,,,,,,,,0,0,0,0,0,0,0,0,0,0,0,0,49520
주민세 납부 기간,35.34,64.65,50세 이상,0,0.12,1.53,4.64,29.84,29.58,34.25,460,410,490,260,290,280,530,1070,2330,5590,1410,1270,610,650,900,480,580,530,1010,1310,1990,6280,1340,1490,640,600,840,530,540,570,810,1300,3340,11300,4890,4000,1330,850,940,610,600,720,1220,1680,4250,24280,6470,5010
4대보험 대출,58.71,41.28,,0,0.76,13.84,22.05,35.38,20,7.94,1530,1560,1640,1760,2660,2080,1890,1630,1570,1730,1560,1510,1550,1480,1500,1380,1480,1660,1730,1740,1540,1650,1540,1640,1630,1380,1640,1410,1790,1700,1620,1370,1700,1340,1230,1340,1190,1020,1200,1270,1030,860,770,900,760,900,7150,27600
맘시터 자격증,9.98,90.01,50세 이상,0,0.07,0.37,1.1,3.77,10.04,84.61,53,45,64,65,74,64,93,75,213,539,465,355,440,202,267,363,327,316,2170,2520,3470,3800,3130,3040,4790,3470,2220,1010,510,310,290,260,150,140,100,108,120,158,148,210,320,340,128,125,210,1460,19020,14490
이혼보험,44.96,55.03,,0.35,8.77,8.94,12.95,31.5,24.88,12.58,70,70,80,64,49,56,60,56,67,60,90,58,80,60,110,90,70,100,100,70,60,58,59,150,80,60,80,59,80,80,410,2410,12170,16950,11870,15560,13600,55430,76710,107100,558200,970000,217000,42200,41660,27750,16040,15500
자동차 보험,58.49,41.5,,0,0.77,5.07,13.06,34.52,26.41,20.14,172900,183800,175000,161000,180900,165300,174100,165600,163500,170400,155200,168200,170300,192300,194600,175700,200300,175000,192600,195100,191600,187000,217800,192100,193900,190700,207600,202400,221300,196200,220700,260000,177300,177400,161400,173700,160400,166300,176900,169100,178400,197400,156600,179600,184800,194000,166700,158900
태아보험,40.23,59.76,30~39세,0,0.2,1.2,11.04,66.67,14.25,6.62,42410,46720,41480,39330,47630,36950,41300,41580,48290,71040,67090,45850,46650,49000,55820,47440,50660,47210,45860,50270,48670,51550,44170,51430,42690,46140,50300,52600,60400,59570,55300,60100,71500,49250,52900,51400,43970,56900,57700,54600,55800,42200,53750,110800,75100,61700,50900,45360
암보험 비갱신형,36.77,63.22,"40~49세, 50세 이상",0,0.05,0.59,4.78,25.65,37.9,31.01,8920,10590,10660,9350,10020,8060,7890,7570,8370,9120,8540,8290,9430,11220,12370,11190,11680,9880,14060,16620,9440,10390,8850,9640,9500,9300,15390,18650,21300,10400,13700,12330,12960,10880,8540,8570,10550,12200,12270,10720,11290,24680,10850,12050,8760,12360,12170,7700
치아보험,43.55,56.44,,0,0.38,4.03,12.9,33.95,33.17,15.53,44630,46950,50350,47360,48760,44790,46090,44350,43910,47740,43120,44040,46870,48100,49750,51540,53860,51810,49750,47850,50930,52630,47800,57410,56420,50490,60800,54700,58600,50710,48320,45740,49360,51440,43670,48220,48010,49360,53160,53100,50700,48220,49600,48500,44150,43600,41670,40050
비상금 대출,63.13,36.86,20~24세,0,2.69,22.21,22.47,27.63,16.92,8.06,34490,34270,35260,29440,34100,31000,35230,33160,35560,37310,41980,47090,46730,49660,54370,54500,65950,73830,79790,113570,94080,113380,68680,76470,94160,86680,96750,83700,118400,104110,142980,608370,610870,433840,87100,95580,258470,171810,297060,213980,251170,295590,501540,251600,353010,290760,288200,208760
소액 대출,59.64,40.35,,0.01,1.96,13.82,16.61,28.8,24.9,13.86,32530,33250,33890,29600,32310,28590,30350,28070,30180,33610,31780,48110,54760,57090,60290,55820,62990,60100,61470,70450,83720,105870,59480,66610,61530,68020,66900,61600,69300,72480,135240,711990,865990,594980,61780,93080,590200,92450,111700,171390,238330,239360,129690,87050,204070,148010,144160,141800
사업자대출,56.52,43.47,,0,0.16,2.88,11.16,38.97,32.49,14.31,25300,24970,27380,26490,28060,24150,24910,26170,26220,27030,28660,50530,52710,51850,61000,61600,68600,60800,64000,58500,59900,57300,49430,60600,58600,49460,63100,56500,64000,53900,52500,49980,67000,50700,45610,51000,54940,44380,44370,44840,45010,37730,60140,48810,74800,124120,125420,49970
학자금대출,43.99,56,20~24세,0,12.4,26.38,18.02,19.42,15.03,8.71,41570,64900,78800,106700,42670,29550,37800,40540,49740,72700,35860,32900,41220,67300,90600,116100,47300,32460,40670,45470,52850,80600,36090,34930,44950,67700,96700,125400,48600,39460,38490,45670,48700,72900,32320,26550,32600,67600,90000,135700,53900,38790,38190,46000,60000,86600,41050,31100
프리랜서 대출,46.32,53.67,25~29세,0.05,0.25,6.89,24.22,40.09,21.95,6.51,11840,13310,14040,12130,13840,12370,12940,11290,11280,11100,10980,11520,12270,11530,13760,13150,15300,15010,17330,14510,14520,14500,13030,14100,13450,12360,16350,17780,21130,16060,18450,20880,17430,13570,12170,13120,12360,11240,460480,37530,14070,27890,11340,37170,12850,10970,16880,13660
건보료,58.88,41.11,,0.05,6.34,12.91,20.09,36.74,14.35,9.47,13480,14550,13140,9270,10210,27170,11970,16710,18050,19650,14440,10970,13790,21740,16010,13230,13060,20070,12900,10150,9580,10550,9100,13540,13090,13280,18480,15290,15360,25480,13760,11140,9520,10350,9690,7380,10020,17160,10710,10620,11940,27890,14000,14070,13940,14990,22190,11120
홈택스,57.37,42.62,,0,0.39,2.32,8.3,30.79,30.32,27.85,2419800,2782300,7740800,3813500,2836800,2619500,5259800,2961500,3523400,2617000,2395200,2868500,3009800,3468300,10062000,4622200,3455800,3360500,6397200,3409500,3990100,3331600,2880300,3192000,3525200,3598600,11548900,4939700,3731500,3694300,7209500,3477700,4569700,3169500,2862000,3035500,3549600,4332300,11716900,6435000,4615500,4779000,8450800,4598300,5202000,3943600,3685100,2761200
퇴직,38.58,61.41,,0.27,5.73,9,15.61,26.12,22.52,20.72,10860,15020,13150,13010,13500,12320,12820,14550,13380,15210,13090,13110,13390,22620,25090,18480,16980,16100,15680,17370,13880,14460,13870,14400,14980,18030,16280,17200,16960,26420,41830,36310,70200,42540,68530,57970,100170,146460,35390,30530,142570,56130,39190,15630,141640,557000,679060,54740
종합소득세,51.91,48.08,,0,2.42,6.71,10.9,26.59,27.54,25.81,77300,65900,102700,120600,83200,150800,682600,85800,55200,52000,45080,50200,94500,72300,171100,96000,80100,155100,831600,127000,64600,76700,57200,51200,106900,82600,121800,73400,76900,162400,791900,118100,62700,57100,42340,130900,71700,71600,92200,73800,81900,177700,710500,132000,64300,60000,53300,40820
부가세,50.9,49.09,,0.07,2.77,6.97,14.14,31.77,26.9,17.36,29000,31500,63300,28020,29050,33000,32040,31200,54400,31500,27750,36100,31700,34200,68100,31730,33200,36600,34500,33900,59500,33300,29460,39900,34600,33000,73600,32600,35600,42000,36100,41300,60700,30300,25810,36600,27530,28610,56300,29170,26760,33100,27010,24650,44700,23510,24660,28310